id,title,milestone,status,implementation,automated_tests,manual_evidence,issue_notes
"SPEC-001","Normative language","M0 onward","in-progress","docs/DEVELOPMENT_SPEC.md; crates/xtask/src/main.rs","cargo xtask check --locked --offline","docs/DEVELOPMENT_SPEC.md; docs/testing/m0-01-m1-01.md","Normative markers and accepted tracker statuses are defined; release-wide verification remains dependent on the remaining V1 gates."
"SPEC-002","Implementation sequence","M0 onward","in-progress","docs/DEVELOPMENT_SPEC.md; docs/architecture/ADR-0002-m0-environment-findings.md","cargo xtask check --locked --offline","docs/testing/m0-98-native-wayland-startup.md; docs/testing/m0-21-arch-packaging.md","M0 findings and the dependency-ordered evidence trail are recorded; native input, installed-package, and external qualification remain."
"SPEC-003","Evidence","M0 onward","in-progress","crates/ferric-browser-core/src","cargo test --workspace --locked","docs/testing/m0-01-m1-01.md","Partial initial-slice coverage; remaining scope is tracked here."
"SPEC-004","Changes to the specification","M0 onward","in-progress","docs/architecture; docs/DEVELOPMENT_SPEC.md","cargo xtask check --locked --offline","docs/architecture/ADR-0010-license-and-release-identity.md; docs/testing/m0-169-license-decision.md","Material implementation decisions use ADRs and preserve the documented owner gates; no release-scope decision is silently invented."
"SPEC-005","Work boundaries","M0 onward","in-progress","CONTRIBUTING.md; SECURITY.md; docs/SUPPORT.md","cargo xtask check --locked --offline","docs/testing/m0-166-support-triage.md; docs/testing/m0-168-open-source-maintenance.md","Repository, disposable-profile, privacy, and external-account boundaries are documented; machine customization and publication remain owner/environment decisions."
"SPEC-006","Honest completion","M0 onward","in-progress","docs/RELEASE_POLICY.md; docs/testing/compatibility-qualification.md; crates/xtask/src/main.rs","cargo xtask check --locked --offline; cargo xtask test compatibility","docs/testing/m0-167-release-freshness.md; docs/testing/m0-163-ui-automation-boundary.md","Qualification reports distinguish pass, fail, blocked, and not-run; live Google, hardware, installed-package, and native input evidence is not claimed."
"PROD-001","Core promise","M0 onward","in-progress","crates/ferric-browser-core; crates/ferric-browser-engine-qt; docs/DEVELOPMENT_SPEC.md","cargo xtask check --locked --offline; cargo xtask test blocking","docs/testing/compatibility-qualification.md; docs/testing/m2-09-network.md","The command-driven browser slice and cached-list security behavior are implemented; authorized work-service and Meet qualification remain."
"PROD-002","Language boundary","M0 onward","in-progress","crates/ferric-browser-core; crates/ferric-browser-engine-qt; docs/architecture/ADR-0004-permission-and-capture-authority.md","cargo xtask check --locked --offline","docs/testing/m0-04-security.md; docs/testing/m0-27-untrusted-inputs.md","Rust owns typed policy/state while QtWebEngine owns page execution and security-sensitive engine behavior; full native qualification remains."
"PROD-003","Desktop focus","M0 onward","in-progress","crates/ferric-browser-engine-qt/qml; packaging/PKGBUILD; docs/architecture/ADR-0009-hyprland-window-identity.md","cargo xtask test wayland; cargo xtask package arch","docs/testing/m0-98-native-wayland-startup.md; docs/testing/m0-178-wayland-webengine-surface-recovery.md; docs/testing/m4-03-hyprland.md","Native Wayland startup and Arch packaging paths exist; accelerated WebEngine surfaces now recover at the first returned frame after compositor workspace reactivation without page input or reload. Keyboard/IME, broader GPU coverage, and installed-candidate qualification remain."
"PROD-004","Simplicity","M0 onward","in-progress","docs/architecture/ADR-0001-core-boundary.md; crates/ferric-browser-engine-qt","cargo xtask check --locked --offline","docs/testing/m0-02-03.md","One QtWebEngine presentation path and one typed Rust application boundary are maintained; release-level scope review remains."
"PROD-005","qutebrowser relationship","M0 onward","in-progress","docs/PROVENANCE.md; docs/DEVELOPMENT_SPEC.md","cargo xtask check --locked --offline","docs/testing/m0-168-open-source-maintenance.md","The project documents independent implementation and attribution boundaries; final provenance and release review remain."
"PROD-006","Robustness","M0 onward","in-progress","crates/ferric-browser-core/src/reducer.rs; crates/ferric-browser-storage/src; crates/ferric-browser-engine-qt/src","cargo xtask check --locked --offline; cargo xtask test engine","docs/testing/m0-05-failures.md; docs/testing/m0-99-shutdown-page-safety.md","Failure, cancellation, recovery, worker, and shutdown paths are covered by deterministic tests; long-running native soak and crash qualification remain."
"PROD-007","Compatibility defaults","M0 onward","in-progress","crates/ferric-browser-engine-qt; docs/architecture/capabilities.md","cargo xtask check --locked --offline; cargo xtask test compatibility","docs/testing/compatibility-qualification.md; docs/testing/m0-166-user-agent-policy.md","Default engine and compatibility policy are explicit; real-site and exact-package qualification remain."
"PROD-008","Resource expectations","M0 onward","in-progress","crates/ferric-browser-core; crates/ferric-browser-storage; crates/ferric-browser-engine-qt","cargo xtask check --locked --offline; cargo run --release -p xtask -- perf","docs/testing/m0-162-performance.md","Bounded queues, snapshots, workers, and resource limits are implemented; release hardware/performance evidence remains."
"PROD-009","Signature promise","M0 onward","in-progress","docs/DEVELOPMENT_SPEC.md; docs/PROVENANCE.md; docs/architecture/ADR-0010-license-and-release-identity.md","cargo xtask check --locked --offline","docs/testing/m0-169-license-decision.md","The intended keyboard-driven browser scope is documented; final application license, public identity, and publication authorization remain owner gates."
"ARCH-001","Window ownership","M0 onward","in-progress","crates/ferric-browser-engine-qt/qml/Main.qml; crates/ferric-browser-engine-qt/src/lib.rs","cargo build --locked --offline; cargo xtask test adapter","docs/architecture/ADR-0001-core-boundary.md; docs/testing/m0-02-03.md","Qt Quick owns the browser windows and WebEngine surfaces through one composition path; offscreen/foreign-toolkit alternatives are not used. Native graphics, focus, and lifetime qualification remain."
"ARCH-002","Baseline","M0 onward","in-progress","Cargo.toml; Cargo.lock; packaging/dependencies.toml; docs/architecture/capabilities.md","cargo xtask check --locked --offline; cargo build --locked --offline","docs/architecture/ADR-0002-m0-environment-findings.md; docs/architecture/ADR-0003-system-qt-distribution.md","Qt 6.11.2, CXX-Qt 0.10.0, and the locked Rust dependency graph are recorded against the Arch system-Qt baseline; installed-package and security-patch qualification remain."
"ARCH-003","Bridge choice","M0 onward","in-progress","crates/ferric-browser-engine-qt","cargo build --locked","docs/testing/m0-02-03.md","CXX-Qt 0.10.0 is pinned and the QObject owns reducer-backed callback state; typed effect execution and lifetime qualification remain."
"ARCH-004","Build choice","M0 onward","in-progress","Cargo.toml; crates/xtask/src/main.rs; packaging/PKGBUILD","cargo xtask check --locked --offline; cargo xtask package arch; cargo xtask test wayland","docs/architecture/ADR-0003-system-qt-distribution.md; docs/testing/m0-21-arch-packaging.md","Cargo-first CXX-Qt integration and one documented xtask entry point are implemented; a clean makepkg run now passes release linking, package checks, and the disposable native-Wayland harness with declared dbus/weston inputs, while installed package and runtime deployment qualification remain."
"ARCH-005","Core independence","M0 onward","verified","crates/ferric-browser-core/src","cargo test --workspace --locked","docs/testing/m0-01-m1-01.md","Verified by the initial core slice."
"ARCH-006","Browser engine ownership","M0 onward","in-progress","crates/ferric-browser-engine-qt/src/lib.rs; crates/ferric-browser-engine-qt/src/url_display.cpp; crates/ferric-browser-engine-qt/qml/Main.qml; crates/ferric-browser-engine-qt/src/request_interceptor.cpp","cargo build -p ferric-browser --locked --offline; cargo xtask check --locked --offline; ferric-browser diagnostics --format json","docs/architecture/ADR-0004-permission-and-capture-authority.md; docs/testing/m0-04-security.md; docs/testing/m0-167-release-freshness.md","QtWebEngine remains authoritative for page execution, TLS, cookie/site storage, navigation, sandbox, and renderer processes; Rust applies bounded policy through public APIs. Diagnostics now report the authoritative QtWebEngine Chromium base and security-patch API values with runtime provenance; full engine and renderer qualification remain."
"ARCH-007","Shared intent model","M0 onward","in-progress","crates/ferric-browser-core/src/action.rs; crates/ferric-browser-core/src/model.rs; crates/ferric-browser-core/src/reducer.rs; crates/ferric-browser-engine-qt/src/lib.rs; docs/architecture/ADR-0011-context-profile-window-actions.md","cargo test --workspace --locked --offline; cargo xtask check --locked --offline","docs/architecture/ADR-0011-context-profile-window-actions.md; docs/testing/m0-170-switcher-action-activation.md","Typed context/profile/window/tab subjects and the shared action registry are implemented with final-boundary generation, profile-affinity, privacy, and capability revalidation; compositor activation, native accessibility, localization, and broader live qualification remain."
"BUILD-001","Intended layout","M0 onward","in-progress","crates/ferric-browser-core/src","cargo test --workspace --locked","docs/testing/m0-01-m1-01.md","Partial initial-slice coverage; remaining scope is tracked here."
"BUILD-002","Developer entry points","M0 onward","in-progress","crates/xtask/src/main.rs; fuzz/Cargo.toml","cargo xtask check --locked; cargo xtask test core; cargo xtask test engine; cargo xtask test fuzz; cargo xtask test storage; cargo xtask test fixtures; cargo xtask test wayland; cargo xtask test blocking","docs/testing/m0-01-m1-01.md; docs/testing/m0-159-fuzz-targets.md; docs/testing/m0-98-native-wayland-startup.md; docs/testing/m1-10-local-fixtures.md; docs/testing/m2-03-sessions.md; docs/testing/m2-09-network.md","Qt-independent core contracts, engine tests, fuzz compilation, storage interruption/recovery tests, deterministic local web fixture tests, nested-Wayland startup, and the real cached-list block/exception smoke entry points are available; broader release and manual qualification remain tracked here."
"BUILD-003","Reproducibility","M0 onward","in-progress","crates/ferric-browser-core/src","cargo test --workspace --locked","docs/testing/m0-01-m1-01.md","Partial initial-slice coverage; remaining scope is tracked here."
"BUILD-004","Build versus distribution","M0 onward","in-progress","packaging/PKGBUILD; packaging/dependencies.toml; crates/xtask/src/main.rs","cargo xtask package arch; cargo xtask check --locked --offline; cargo xtask test wayland","docs/testing/m0-21-arch-packaging.md; docs/architecture/ADR-0003-system-qt-distribution.md","System-Qt Arch metadata declares a compatible Qt family, required QML/Wayland inputs, check-time dbus/weston inputs for native qualification, standard executable/resource paths, and separately reported optional components; a clean package check passed the native startup smoke and assembled the package, while installed-package and clean-chroot qualification remain."
"STATE-001","Identifiers","M0 onward","in-progress","crates/ferric-browser-core/src/id.rs; crates/ferric-browser-core/src/model.rs; crates/ferric-browser-storage/src/profiles.rs; crates/ferric-browser-storage/src/sessions.rs","cargo test --workspace --locked","docs/testing/m0-01-m1-01.md; docs/testing/m2-03-sessions.md","Runtime tab/window/document/request identities are intentionally monotonic process-local IDs with generation checks; durable profile, session, journey, context, and download records use UUID-backed storage identities. Remaining work is native lifecycle qualification, not a missing durable profile-ID layer."
"STATE-002","Event/effect separation","M0 onward","verified","crates/ferric-browser-core/src","cargo test --workspace --locked","docs/testing/m0-01-m1-01.md","Verified by the initial core slice."
"STATE-003","Target capture","M0 onward","verified","crates/ferric-browser-core/src","cargo test --workspace --locked","docs/testing/m0-01-m1-01.md","Verified by the initial core slice."
"STATE-004","UI thread","M0 onward","in-progress","crates/ferric-browser-engine-qt/src/lib.rs; crates/ferric-browser-engine-qt/qml/Main.qml; crates/ferric-browser-storage/src/worker.rs","cargo test --workspace --locked --offline; cargo xtask check --locked --offline; cargo clippy --workspace --all-targets --locked --offline -- -D warnings","docs/testing/m0-01-m1-01.md; docs/testing/m0-160-ui-thread.md; docs/testing/m0-177-profile-bootstrap-worker.md","Qt invokables, QObject models, and QML timers are GUI-thread-owned; SQLite, profile bootstrap, configuration reads and writes, editor scratch files, IPC acceptance, userscript execution, process groups, and other blocking work run behind bounded workers or polling handoffs, and no block_on path exists. Native thread-affinity and teardown qualification remain."
"STATE-005","Worker ownership","M0 onward","in-progress","crates/ferric-browser-storage/src/worker.rs; crates/ferric-browser-engine-qt/src/lib.rs; crates/ferric-browser-engine-qt/qml/Main.qml","cargo test -p ferric-browser-storage -p ferric-browser-engine-qt --locked --offline; cargo xtask check","docs/testing/m0-104-storage-worker.md; docs/testing/m0-105-storage-snapshot-consumers.md; docs/testing/m0-106-external-downloads-query.md; docs/testing/m0-107-library-command-snapshots.md; docs/testing/m0-108-permission-snapshot-consumers.md; docs/testing/m0-109-history-write-worker.md; docs/testing/m0-110-download-write-worker.md; docs/testing/m0-111-mark-write-worker.md; docs/testing/m0-112-history-clear-worker.md; docs/testing/m0-113-download-destination-worker.md; docs/testing/m0-114-download-index-worker.md; docs/testing/m0-115-journey-worker.md; docs/testing/m0-168-profile-delete-worker.md; docs/testing/m0-169-mark-write-async.md; docs/testing/m0-177-profile-bootstrap-worker.md","The durable profile-library reads run through a single-flight SQLite-owning worker with capacity-one request/response queues, revisioned Qt-side snapshots, stale-result invalidation, and bounded QML polling; profile registry/bootstrap reads, switcher activation, command completion, the downloads manager, open/reveal, external downloads.query, read-only library commands, permission queries, native permission decisions, named-session enumeration, crash-recovery checkpoint discovery/parsing, atomic named/current-session saves, confirmation-gated named-session deletion, stale current-checkpoint cleanup, and confirmed durable profile registry creation/renaming/deletion consume worker-owned or cached results without synchronous UI-thread durable mutations. High-volume history, download lifecycle/progress updates, download destination and index creation, bookmark/quickmark mutations with queued completion reporting, lower-volume durable permission writes, confirmed history clearing, and durable journey mutations now use worker-owned writes with bounded acknowledgements; Qt command callbacks do not wait on SQLite, and shutdown draining remains bounded."
"STATE-006","FFI safety","M0 onward","in-progress","Cargo.toml; crates/ferric-browser-engine-qt/src/lib.rs; crates/ferric-browser-storage/src/lifecycle.rs","cargo test --workspace --locked --offline; cargo xtask check --locked --offline; cargo clippy --workspace --all-targets --locked --offline -- -D warnings","docs/testing/m0-01-m1-01.md; docs/testing/m0-09-crash-diagnostics.md","Workspace dev and release profiles use panic=abort so Rust failures cannot unwind through generated CXX-Qt noexcept entry points; the process-lifetime marker remains present for recovery diagnostics. Unsafe FFI blocks remain isolated to audited Qt/libc boundaries, while forced-fault and native teardown qualification remain."
"STATE-007","Exact-once resolution","M0 onward","in-progress","crates/ferric-browser-engine-qt/qml/Main.qml; crates/ferric-browser-engine-qt/src/lib.rs","cargo test -p ferric-browser-engine-qt --locked --offline; cargo xtask check --locked; native Wayland smoke","docs/testing/m0-121-exact-once-qt-requests.md","A bounded Qt request-object ledger centralizes terminal resolution across primary, popup, and secondary paths; stale, duplicate, and error outcomes are no-ops or categorized in diagnostics, while live native prompt qualification remains to be evidenced beyond startup coverage."
"STATE-008","Tab lifecycle","M0 onward","in-progress","crates/ferric-browser-core/src/model.rs; crates/ferric-browser-core/src/reducer.rs; crates/ferric-browser-engine-qt/src/lib.rs; crates/ferric-browser-engine-qt/qml/Main.qml","cargo test --workspace --locked","docs/testing/m0-01-m1-01.md; docs/testing/m0-96-tab-suspension.md; docs/testing/m0-97-tab-discard.md","Independent lifecycle enums and two-phase close/freeze/discard transitions are reducer-tested; explicit engine-approved hidden-tab freeze/resume mirrors Qt lifecycle state, and discarded tabs have an explicit reload-on-resume boundary. Full native fact qualification remains."
"STATE-009","Shutdown","M0 onward","in-progress","crates/ferric-browser-core/src/reducer.rs; crates/ferric-browser-engine-qt/src/lib.rs; crates/ferric-browser-engine-qt/qml/Main.qml; crates/ferric-browser/src/main.rs; crates/ferric-browser-storage/src/lib.rs","cargo test --workspace --locked --offline; cargo build -p ferric-browser --locked --offline; live Wayland quit smoke","docs/testing/m2-05-downloads.md; docs/testing/m0-99-shutdown-page-safety.md; docs/testing/m0-100-popup-shutdown.md; docs/testing/m0-101-process-shutdown.md; docs/testing/m0-102-profile-flush.md; docs/testing/m0-109-history-write-worker.md","The core RequestShutdown transition is connected to the quit command and the primary/secondary close paths; active downloads receive a cancel-or-keep-open decision, active page views receive a bounded dirty-or-unknown state prompt, registered secondary and popup windows are drained before root shutdown, mutating IPC is gated during coordination, and each durable window writes its final session snapshot, drains acknowledged committed-navigation history batches, then checkpoints the profile WAL before reducer shutdown. Renderer-helper teardown, forced-exit native qualification, and full multiwindow flush-latency qualification remain."
"STATE-010","Critical invariants","M0 onward","verified","crates/ferric-browser-core/src","cargo test --workspace --locked","docs/testing/m0-01-m1-01.md","Verified by the initial core slice."
"ENGINE-001","Public APIs only","M0 onward","in-progress","crates/ferric-browser-engine-qt/src/lib.rs; crates/ferric-browser-engine-qt/qml/Main.qml","cargo build --locked","docs/testing/m0-02-03.md; docs/testing/m0-98-native-wayland-startup.md","WebEngineView and public QML signals are used; reducer-backed callback mirroring exists, and a clean native Wayland startup smoke now reaches the event loop, while typed effect execution and full engine proof remain."
"ENGINE-002","Capability matrix","M0 onward","in-progress","docs/architecture/capabilities.md","qmake6 -query; pkg-config --modversion Qt6Core Qt6Gui Qt6Quick Qt6WebEngineQuick Qt6WebEngineCore Qt6DBus","docs/architecture/ADR-0002-m0-environment-findings.md","Initial matrix records environment availability; full required capability probes remain."
"ENGINE-003","Request interception","M0 onward","in-progress","crates/ferric-browser-engine-qt/src/request_interceptor.h; crates/ferric-browser-engine-qt/src/request_interceptor.cpp; crates/ferric-browser-engine-qt/src/network_policy.rs; crates/ferric-browser-engine-qt/build.rs; crates/ferric-browser-engine-qt/qml/Main.qml","cargo build -p ferric-browser --locked --offline; QT_QPA_PLATFORM=wayland timeout 8s target/debug/ferric-browser --temp-basedir; live cached-list fixture smoke","docs/testing/m2-09-network.md","Public Qt interception is attached to primary/secondary profiles with a bounded immutable maintained ABP engine snapshot, full supported network-rule matching, and destruction-time detachment; updater and live request-context qualification remain."
"ENGINE-004","Security defaults","M0 onward","in-progress","crates/ferric-browser/src/main.rs; crates/ferric-browser-engine-qt/src/diagnostics.rs; crates/ferric-browser-engine-qt/qml/Main.qml","cargo test -p ferric-browser -p ferric-browser-engine-qt --locked --offline; cargo build -p ferric-browser --locked --offline; live Wayland startup","docs/testing/m0-04-security.md; docs/testing/m2-10-diagnostics.md","GUI startup rejects UID 0 and known Chromium-disabling environment flags; Qt's normal sandbox, site-isolation, certificate, mixed-content, and same-origin defaults remain selected, and Linux diagnostics report current-process and bounded direct-child renderer-helper seccomp/no-new-privileges posture without overclaiming helper qualification; renderer fault/site-isolation qualification and diagnostic-build override separation remain."
"ENGINE-005","Health reporting","M0 onward","in-progress","crates/ferric-browser-engine-qt/src/diagnostics.rs; crates/ferric-browser-engine-qt/src/lib.rs; crates/ferric-browser-engine-qt/src/url_display.cpp; crates/ferric-browser/src/main.rs","cargo test -p ferric-browser-engine-qt -p ferric-browser --locked --offline; cargo build -p ferric-browser --locked --offline; ferric-browser diagnostics --format json","docs/testing/m2-10-diagnostics.md; docs/testing/m0-15-portal-probes.md; docs/testing/m0-167-release-freshness.md","Shared CLI/IPC health snapshots distinguish available, unavailable, not-tested, and unknown facts with conservative provenance. Bounded Linux process-security, user-D-Bus portal-interface/version, PipeWire-core, supported package-manager, and QtWebEngine Chromium base/security-patch probes now report runtime facts without sensitive output; mandatory-capability qualification gates remain."
"UI-001","Default layout","M0 onward","in-progress","crates/ferric-browser-engine-qt/qml/Main.qml","cargo build -p ferric-browser --locked","docs/testing/m0-02-03.md; docs/testing/m0-98-native-wayland-startup.md; docs/testing/m0-178-wayland-webengine-surface-recovery.md; docs/testing/m0-179-statusbar-visibility.md","Web content, top tab strip, mode-aware compact bottom chrome, and upward-growing completion surface are present. The default in-mode policy hides status chrome in normal mode, shows it for other interaction modes, and retains live always/never configuration. Native Wayland startup and accelerated workspace-return rendering are qualified on the primary Hyprland target, while broader stable-viewport and GPU-matrix qualification remain."
"UI-002","Status","M0 onward","in-progress","crates/ferric-browser-engine-qt/qml/Main.qml","cargo build -p ferric-browser --locked; live Wayland cached-list fixture smoke","docs/testing/m0-02-03.md; docs/testing/m2-05-downloads.md; docs/testing/m2-09-network.md","Primary and secondary status bars now show textual profile/context identity, committed transport security, load progress, audible/mute state, pending permissions, capture, download lifecycle/received bytes, active Site Doctor state, effective blocker state, and per-tab blocked-request count; native interaction and broader media/capture qualification remain."
"UI-003","URL display","M0 onward","in-progress","crates/ferric-browser-engine-qt/qml/Main.qml; crates/ferric-browser-engine-qt/src/lib.rs","cargo test -p ferric-browser-engine-qt --locked --offline; cargo build -p ferric-browser --locked --offline","docs/testing/m0-02-03.md","Committed/current URL is mirrored per selected tab; browser chrome uses a separate redacted display URL that removes credentials, obvious secret query keys, and fragments, visibly replaces bidi/control characters, renders non-ASCII DNS authority in Qt IDNA/ACE form with a conservative ASCII fallback, preserves the full safe origin while width-eliding only the path/query tail, and bidi-isolates sanitized path/query text; full native text qualification remains."
"UI-004","Prompts","M0 onward","in-progress","crates/ferric-browser-engine-qt/qml/Main.qml","cargo xtask check; cargo test --workspace --locked --offline; QT_QPA_PLATFORM=wayland timeout 10s target/debug/ferric-browser --temp-basedir","docs/testing/m3-01-permissions.md","Permission requests now use per-window browser-owned surfaces, a bounded eight-request queue with identical origin/type grouping, 30-second cooldown on overflow, expiry, navigation/window/tab cancellation, explicit lifetime actions, Escape denial, Enter non-consent, and background-tab badges; system-audio/portal and device-indicator qualification remain."
"UI-005","Page dialogs","M0 onward","in-progress","crates/ferric-browser-engine-qt/qml/Main.qml","cargo xtask check; QT_QPA_PLATFORM=wayland timeout 10s target/debug/ferric-browser --temp-basedir","docs/testing/m0-02-03.md","JavaScript alert/confirm/prompt/beforeunload, HTTP/proxy authentication, bounded page text, origin context, one native modal surface, navigation/tab-destruction cancellation, per-document three-request rate limiting, and explicit suppression are wired for primary, secondary, and popup views; interactive fixture evidence and broader prompt-queue integration remain."
"UI-006","Theme and dimensions","M0 onward","in-progress","crates/ferric-browser-engine-qt/qml/Main.qml; crates/ferric-browser-config/src/lib.rs; crates/ferric-browser-engine-qt/src/diagnostics.rs; crates/ferric-browser-engine-qt/src/lib.rs","cargo xtask check; cargo test --workspace --locked --offline","docs/testing/m0-18-theme-dimensions.md","Validated UI font settings now drive native chrome font metrics, semantic colors, logical chrome heights, opaque surfaces, and a complete Qt Controls palette. Imported colors receive WCAG text-contrast fallbacks, including selection and state labels; system reduced-motion and GNOME-compatible font scaling use bounded worker-backed preference probes. Full theme-provider visual qualification remains."
"UI-007","Internal surfaces","M0 onward","in-progress","crates/ferric-browser-engine-qt/qml/Main.qml; crates/ferric-browser-engine-qt/src/lib.rs","cargo xtask check; cargo build --locked; QT_QPA_PLATFORM=wayland timeout 10s target/debug/ferric-browser --temp-basedir","docs/testing/m0-25-settings-manager.md; docs/testing/m0-98-native-wayland-startup.md","Site Ledger/Doctor, searchable help, settings, library, switcher, downloads, profiles, sessions, previews, clean-link views, and diagnostics are browser-owned native surfaces with Escape/focus boundaries and sanitized data; native startup now has no application-owned QML warnings, while the journey graph remains."
"INPUT-001","Mode ownership","M0 onward","in-progress","crates/ferric-browser-core/src/model.rs; crates/ferric-browser-core/src/reducer.rs; crates/ferric-browser-engine-qt/src/lib.rs; crates/ferric-browser-engine-qt/qml/Main.qml","cargo test --workspace --locked; cargo build -p ferric-browser --locked","docs/testing/m1-02-m1-03.md; docs/testing/m1-13-selection.md","Transient command/search stacks, explicit caret mode, retained search state, and guaranteed escape are implemented; native event/focus integration remains."
"INPUT-002","Native events","M0 onward","in-progress","crates/ferric-browser-engine-qt/qml/Main.qml; crates/ferric-browser-engine-qt/src/lib.rs","cargo build --locked","docs/testing/m1-02-m1-03.md; docs/testing/m0-29-accessibility-input-matrix.md","Reserved escape shortcut, logical key handoff, modifier filtering for normal-mode commands, and QML event-pipeline handling are present; complete key-pair, modifier, autorepeat, dead-key, AltGr, and IME qualification remains."
"INPUT-003","Editable focus","M0 onward","in-progress","crates/ferric-browser-engine-qt/src/lib.rs; crates/ferric-browser-engine-qt/qml/Main.qml; crates/ferric-browser-config/src/lib.rs","cargo test -p ferric-browser-engine-qt --locked --offline; cargo clippy --workspace --all-targets --locked --offline -- -D warnings; cargo build -p ferric-browser --locked --offline; native Wayland startup smoke","docs/testing/m1-02-m1-03.md","A bounded isolated-world focus observer is installed in all frames, including open shadow-root traversal, and Qt's public WebEngineFrame tree is polled for sanitized editable-state hints. Rust validates the active tab, exact document URL, frame path, bounded sequence, and site input.entry_mode; automatic Insert requires a recent trusted pointer/Tab gesture or an explicit site rule, so page autofocus and script-driven focus cannot steal browser mode. Escape suppresses the current observation sequence so stale focus cannot immediately re-enter Insert. IME, rich-editor, and full native key-event qualification remain."
"INPUT-004","Escape guarantees","M0 onward","in-progress","crates/ferric-browser-core/src/reducer.rs; crates/ferric-browser-engine-qt/src/lib.rs; crates/ferric-browser-engine-qt/qml/Main.qml","cargo test --workspace --locked; cargo build -p ferric-browser --locked","docs/testing/m1-02-m1-03.md; docs/testing/m0-142-fullscreen-command.md","Core escape transition, search cancellation/engine-clear, reserved Ctrl+Shift+Escape exit from native fullscreen, and the typed fullscreen command are implemented; IME, page pointer-lock, and key-pair evidence remains."
"INPUT-005","Chains and counts","M0 onward","in-progress","crates/ferric-browser-core/src/command.rs; crates/ferric-browser-core/src/input.rs; crates/ferric-browser-core/src/dispatcher.rs; crates/ferric-browser-engine-qt/src/lib.rs; crates/ferric-browser-engine-qt/qml/Main.qml","cargo test --workspace --locked; cargo build --locked","docs/testing/m1-02-m1-03.md","Parser limits plus deterministic binding trie, timeout, bounded-count, command-specific dispatch, qutebrowser-baseline navigation/copy/hint/zoom/tab/mode defaults, O new-tab open, go/gO current-URL editing, g? binding map, Ctrl-d/Ctrl-u half-page bindings, Ctrl-p tab pinning, Ctrl-Space universal switcher, Ctrl-v pass-through, and logical QML key handoff are implemented; complete native event qualification remains."
"INPUT-006","Repeat and macros","M0 onward","in-progress","crates/ferric-browser-core/src/command.rs; crates/ferric-browser-core/src/input.rs; crates/ferric-browser-engine-qt/src/lib.rs; crates/ferric-browser/src/main.rs; docs/testing/m0-129-repeat-macro-bounds.md; docs/testing/m0-130-macro-discoverability.md; docs/testing/m0-131-macro-register-gestures.md","cargo test -p ferric-browser-core -p ferric-browser-engine-qt -p ferric-browser --locked --offline; cargo xtask check --locked; live Wayland repeat/macro smoke","docs/testing/m1-02-m1-03.md; docs/testing/m0-129-repeat-macro-bounds.md; docs/testing/m0-130-macro-discoverability.md; docs/testing/m0-131-macro-register-gestures.md","Bounded command-level repeat, cancel, memory-only macro record/stop/play, and native q/@ register gestures are integrated through registry, bindings, CLI, typed IPC, and native execution; safe navigation/scroll/zoom/search/tab commands are eligible, sensitive flows remain excluded, recording caps at 1,000 commands, replay caps total expanded commands at 1,000, nested depth is 8, and UI/diagnostics expose only redacted register counts; macro persistence and full keyboard qualification remain."
"DISC-001","Generated truth","M0 onward","in-progress","crates/ferric-browser-engine-qt/src/lib.rs; crates/ferric-browser-engine-qt/qml/Main.qml","cargo test -p ferric-browser-engine-qt --locked --offline; cargo xtask check","docs/testing/m0-24-help-map.md","Native help and bindings.query are generated from the effective validated binding resolver and command registry, exposing mode, source, count policy, unbound commands, and prefix conflicts; full generated command catalog qualification remains."
"DISC-002","Prefix overlay","M0 onward","in-progress","crates/ferric-browser-engine-qt/src/lib.rs; crates/ferric-browser-engine-qt/qml/Main.qml","cargo xtask check; QT_QPA_PLATFORM=wayland timeout 10s target/debug/ferric-browser --temp-basedir","docs/testing/m0-24-help-map.md","Valid incomplete keychains publish bounded continuations through a delayed, non-modal native overlay that does not take focus or alter reducer timing; full input-matrix and visual qualification remain."
"DISC-003","Explanation","M0 onward","in-progress","crates/ferric-browser-engine-qt/src/lib.rs; crates/ferric-browser/src/main.rs","cargo test -p ferric-browser-engine-qt -p ferric-browser --locked --offline; cargo xtask check","docs/testing/m0-24-help-map.md","Typed bindings.explain and query binding-explain report tokenization, current/requested mode, count eligibility, exact/prefix/unmatched resolution, continuations, chord timeout, source/shadowing, conflicts, and reserved Escape constraints; site focus facts and richer layer provenance remain."
"DISC-004","Learning mode","M0 onward","in-progress","crates/ferric-browser-engine-qt/src/lib.rs; crates/ferric-browser-engine-qt/qml/Main.qml; crates/ferric-browser-config/src/lib.rs","cargo xtask check; cargo test --workspace --locked --offline","docs/testing/m0-24-help-map.md","Opt-in learning mode adds bounded registered-command feedback and the same continuation/help affordances without altering dispatch, timing, privacy, or recording page keystrokes; richer help guidance and visual qualification remain."
"DISC-005","Searchable map","M0 onward","in-progress","crates/ferric-browser-engine-qt/src/lib.rs; crates/ferric-browser-engine-qt/qml/Main.qml","cargo xtask check; cargo test -p ferric-browser-engine-qt --locked --offline","docs/testing/m0-24-help-map.md","Native searchable binding map and typed bindings.query expose grouped effective rows, unbound commands, and conflicts without private page state; scale and assistive-technology qualification remain."
"CMD-001","Registry","M0 onward","in-progress","crates/ferric-browser-core/src/command.rs; crates/ferric-browser-core/src/completion.rs; crates/ferric-browser/src/main.rs","cargo test --workspace --locked; cargo test -p ferric-browser-core aliases --locked --offline; cargo test -p ferric-browser generated_command_usage_preserves_typed_flag_shapes --locked --offline; cargo clippy -p ferric-browser-core --all-targets --locked --offline -- -D warnings; cargo clippy -p ferric-browser --all-targets --locked --offline -- -D warnings","docs/testing/m1-02-m1-03.md","Shared registry carries stable action identity, typed argument descriptors, scope, effect class, completion provider, sensitivity, examples, parsed-token alias definitions with bounded expansion, alias-aware completion, and generated CLI help; generated catalog usage now renders typed positional values, value-taking flags, boolean flags, and the search-next CLI flag projection; explicit bounded jseval world/script, devtools detach, and help topic schemas are now typed, while broader schema generation and full operation qualification remain."
"CMD-002","Grammar","M0 onward","in-progress","crates/ferric-browser-core/src/command.rs; crates/ferric-browser-core/src/dispatcher.rs; crates/ferric-browser-engine-qt/src/lib.rs; crates/ferric-browser/src/main.rs; crates/ferric-browser-engine-qt/qml/Main.qml","cargo test --workspace --locked; cargo test -p ferric-browser-core --locked --offline; cargo test -p ferric-browser-core dispatcher::tests::open_rejects_unknown_flags_before_effects --locked --offline; cargo test -p ferric-browser-core dispatcher::tests::search_next_accepts_typed_direction_and_count_flags --locked --offline; cargo test -p ferric-browser-engine-qt interactive_open_options_preserve_typed_url_and_route --locked --offline; cargo test -p ferric-browser cli_open_accepts_typed_route_options_and_joins_input_tail --locked --offline; cargo test -p ferric-browser cli_catalog_commands_are_forwarded_instead_of_becoming_open_input --locked --offline; cargo test -p ferric-browser cli_startup_scalar_options_are_not_overwritten --locked --offline; cargo test -p ferric-browser cli_selection_search_validates_engine_name_at_the_envelope_boundary --locked --offline; cargo test -p ferric-browser cli_context_create_validates_text_fields_at_the_envelope_boundary --locked --offline; cargo test -p ferric-browser cli_profile_and_context_names_validate_at_the_envelope_boundary --locked --offline; cargo test -p ferric-browser cli_library_identifiers_validate_at_the_envelope_boundary --locked --offline; cargo build --locked","docs/testing/m1-02-m1-03.md","Pure quote/escape/chain parser, open option termination with unknown-flag rejection before effects, interactive/CLI typed open routing for target/profile/context/clean-link, typed search-next backward/count flags with duplicate and range rejection, duplicate startup scalar-option, selection-search engine, context-create, context-route, profile/context/session names, and bookmark/quickmark/history identifiers validation at the envelope boundary, fresh clean-link confirmation, direct forwarding of registered CLI commands, and parsed-token alias expansion with cycle/depth limits exist; broader typed flags and placeholders remain."
"CMD-003","Context and responses","M0 onward","in-progress","crates/ferric-browser-core/src/dispatcher.rs; crates/ferric-browser-engine-qt/src/lib.rs; crates/ferric-browser/src/main.rs","cargo test --workspace --locked; cargo test -p ferric-browser-core dispatch_expands_alias_arguments_and_command_chains --locked --offline; cargo test -p ferric-browser-engine-qt ipc_command_context --locked --offline; cargo test -p ferric-browser forwarded_cli_context_preserves_cli_source --locked --offline","docs/testing/m1-02-m1-03.md","Core dispatcher captures the active tab once, expands parsed-token aliases before typed argument handling, flattens bounded alias chains into typed events, and emits typed navigation events; IPC command and typed-action responses now carry bounded source/count/operation/window/tab/profile/privacy/context/target metadata, and launcher-forwarded CLI commands preserve source=cli while switcher activation preserves source=switcher through the typed envelope; direct IPC defaults to source=ipc. Structured failures preserve that context without sensitive fields. Non-IPC command envelopes and full operation qualification remain."
"CMD-004","Limits","M0 onward","in-progress","crates/ferric-browser-core/src/command.rs; crates/ferric-browser-core/src/dispatcher.rs; crates/ferric-browser/src/main.rs","cargo test --workspace --locked; cargo test -p ferric-browser-core dispatch_expands_alias_arguments_and_command_chains --locked --offline; cargo test -p ferric-browser cli_search_types_query_direction_and_case --locked --offline; cargo test -p ferric-browser cli_journey_accepts_current_filter --locked --offline; cargo test -p ferric-browser cli_startup_settings_are_bounded --locked --offline","docs/testing/m1-02-m1-03.md","Input, chain, argument, alias-depth, expanded-command, count, bounded tab-close, duplicate typed search/journey-option, and 256-entry startup --set limits are enforced and tested; additional command-specific limits remain."
"NAV-001","Resolution order","M0 onward","in-progress","crates/ferric-browser-core/src/navigation.rs; crates/ferric-browser-engine-qt/src/lib.rs; crates/ferric-browser-engine-qt/qml/Main.qml; crates/ferric-browser/src/main.rs","cargo test --workspace --locked --offline; cargo test -p ferric-browser-engine-qt navigation_uses_configured_search_engines_for_keywords_and_fallback --locked --offline","docs/testing/m1-05-m1-09.md","Deterministic local resolution now consumes the validated profile configuration for search-engine keywords/default fallback and the latest bounded quickmark snapshot without network probes; only CLI-forwarded and fresh-owner CLI initial opens carry trusted local-input provenance for absolute/relative paths, while direct IPC/UI/secondary-window/userscript input remains untrusted; full engine path qualification remains."
"NAV-002","Scheme policy","M0 onward","in-progress","crates/ferric-browser-core/src/navigation.rs; crates/ferric-browser-engine-qt/src/lib.rs; crates/ferric-browser-engine-qt/qml/Main.qml","cargo test --workspace --locked; cargo fmt --all -- --check","docs/testing/m1-05-m1-09.md","Supported explicit browser schemes are validated; known external schemes require an explicit native confirmation before a system-handler action, while unknown schemes and privileged internal surfaces remain denied."
"NAV-003","URL canonicalization","M0 onward","in-progress","crates/ferric-browser-core/src/url.rs; crates/ferric-browser-engine-qt/src/lib.rs; crates/ferric-browser-engine-qt/src/url_display.cpp","cargo test -p ferric-browser-core --locked --offline; cargo test -p ferric-browser-engine-qt --locked --offline; cargo fmt --all -- --check","docs/testing/m1-05-m1-09.md; docs/testing/m1-10-local-fixtures.md","A bounded Rust canonicalizer and strict Qt QUrl bridge normalize scheme/host casing, trailing DNS dots, IDN labels, IPv6, and default ports while preserving escaped path/query/fragment bytes; canonical HTTP(S) origins feed the Qt site-policy boundary, and mismatches fail closed with a diagnostic. Deterministic redirect/form routes now exist; live WebEngine fixture execution remains."
"NAV-004","Navigation semantics","M0 onward","in-progress","crates/ferric-browser-core/src/reducer.rs; crates/ferric-browser-engine-qt/src/lib.rs; crates/ferric-browser-engine-qt/qml/Main.qml; crates/xtask/src/fixture_server.rs","cargo test --workspace --locked; cargo build -p ferric-browser --locked; cargo xtask fixture-server --once","docs/testing/m1-05-m1-09.md; docs/testing/m1-10-local-fixtures.md; docs/testing/m0-90-search-next.md; docs/testing/m0-145-search-command.md; docs/testing/m0-146-reload-bypass-cache.md; docs/testing/m0-147-tab-close-options.md; docs/testing/m0-91-page-scroll.md; docs/testing/m0-148-tab-open-navigation.md; docs/testing/m0-149-history-counts.md","Typed direct in-page search accepts bounded query, direction, and smart/sensitive/insensitive case selection, retains reducer search state, and drives native primary/secondary WebEngine find actions; reload preserves a typed bypass-cache option through reducer and native primary/secondary Qt paths; tab-close now supports targeted or bounded unpinned bulk closure; tab-open resolves URL/search input once, creates a typed foreground or background tab, and synchronizes the Qt view before navigation; back/forward preserve bounded typed counts and stop cleanly at native history boundaries; retained search traversal, bounded page scrolling, and deterministic redirect/POST/popup fixture routes are available; POST/auth/popup-opener qualification and the full engine adapter remain."
"NAV-005","Completion","M0 onward","in-progress","crates/ferric-browser-core/src/completion.rs; crates/ferric-browser-engine-qt/src/lib.rs; crates/ferric-browser-engine-qt/qml/Main.qml","cargo test --workspace --locked --offline; cargo xtask check --locked --offline","docs/testing/m1-02-m1-03.md; docs/testing/m2-02-history-bookmarks.md","Deterministic bounded command/URL/tab/history/bookmark/quickmark completion with replacement ranges, storage revision polling, opt-in private-history suggestions, stale-free local updates, and opaque contrast-checked popup rows exists; the native library manager exposes bounded client pagination. Full input and assistive-technology qualification remain."
"NAV-006","Failure surfaces","M0 onward","in-progress","crates/ferric-browser-core/src/navigation.rs; crates/ferric-browser-engine-qt/src/lib.rs; crates/ferric-browser-engine-qt/qml/Main.qml","cargo test --workspace --locked; cargo xtask check","docs/testing/m1-05-m1-09.md","Requested and final safe URLs, bounded engine detail, and DNS/network/TLS/HTTP/download/unknown classes are shown without silent retry; renderer-specific and broader live qualification remain."
"LINK-001","Explicit cleaning","M0 onward","in-progress","crates/ferric-browser-core/src/link_cleaning.rs; crates/ferric-browser-engine-qt/src/link_cleaning_policy.rs; crates/ferric-browser-engine-qt/src/lib.rs; crates/ferric-browser/src/main.rs; crates/ferric-browser-engine-qt/qml/Main.qml","cargo test --workspace --locked --offline; cargo build -p ferric-browser --locked --offline","docs/testing/m1-12-links.md; docs/testing/m0-122-link-rule-audit.md","Explicit clean_link processing is reachable through url-clean/url-explain, yank url --clean, open --clean-link, typed IPC/action, hint clean-yank, and the native context-menu Clean-copy link action; callers use the reviewed bundle and preserve explicit opt-in semantics, while full native entry-point qualification remains."
"LINK-002","Rule format","M0 onward","in-progress","crates/ferric-browser-core/src/link_cleaning.rs; crates/ferric-browser-engine-qt/src/link_cleaning_policy.rs; packaging/link-cleaning-rules.toml; packaging/link-cleaning-rules.sha256","cargo test -p ferric-browser-engine-qt link_cleaning_policy --locked --offline; cargo xtask check --locked","docs/testing/m1-12-links.md; docs/testing/m0-122-link-rule-audit.md","Versioned rule sets retain stable IDs, source/revision metadata, bounded host/parameter data, duplicate validation, a SHA-256 sidecar, and a reviewed corpus; downloaded rule transport/update metadata remains separate."
"LINK-003","Preview and explanation","M0 onward","in-progress","crates/ferric-browser-core/src/link_cleaning.rs; crates/ferric-browser-engine-qt/src/lib.rs; crates/ferric-browser-engine-qt/qml/Main.qml","cargo test --workspace --locked --offline; cargo build -p ferric-browser --locked --offline","docs/testing/m1-12-links.md","Results retain original/cleaned URLs, applied rules, removed and retained parameter names, and an explanation; native preview, safe output masking, clean-copy transient re-copy chrome, and target-aware confirmation for clean opens are integrated."
"LINK-004","Conservative failure","M0 onward","in-progress","crates/ferric-browser-core/src/link_cleaning.rs","cargo test -p ferric-browser-core --locked","docs/testing/m1-12-links.md","Only literal HTTP(S) query names are removed; component order, percent encoding, fragments, credentials, unsupported schemes, and ambiguous inputs are preserved."
"LINK-005","Updates and audit","M0 onward","in-progress","crates/ferric-browser-config/src/lib.rs; crates/ferric-browser-core/src/command.rs; crates/ferric-browser-engine-qt/src/link_cleaning_policy.rs; crates/ferric-browser-engine-qt/src/link_rule_updater.h; crates/ferric-browser-engine-qt/src/link_rule_updater.cpp; crates/ferric-browser-engine-qt/src/lib.rs; crates/ferric-browser-engine-qt/qml/Main.qml; packaging/link-cleaning-rules.toml; packaging/link-cleaning-rules.sha256","cargo test -p ferric-browser-config --locked --offline; cargo test -p ferric-browser-engine-qt link_cleaning_policy --locked --offline; cargo xtask check --locked; ferric-browser diagnostics --format json; native Wayland smoke","docs/testing/m0-122-link-rule-audit.md; docs/testing/m0-123-link-rule-accepted-cache.md; docs/testing/m0-124-link-rule-update-transport.md; docs/testing/m0-125-link-rule-conditional-updates.md; docs/testing/m0-126-link-rule-scheduler.md","The active compiled revision is checksummed and corpus-audited with a human-readable changelog; validated downloaded candidates now use an atomic private accepted.bundle and invalid candidates fall back to the last accepted/compiled snapshot. An explicit paired HTTPS source/pin and link-cleaning-update command now feed the acceptance boundary with bounded transport, conditional ETag/Last-Modified reuse, and an at-most-daily normal-profile scheduler; no source means no maintenance traffic and full update qualification remains in progress."
"HINT-001","Candidate collection","M0 onward","in-progress","crates/ferric-browser-core/src/hints.rs; crates/ferric-browser-engine-qt/src/lib.rs; crates/ferric-browser-engine-qt/qml/Main.qml","cargo test -p ferric-browser-core --locked; cargo build -p ferric-browser --locked --offline","docs/testing/m1-06-hints.md; docs/testing/m0-135-shadow-hint-activation.md","Default `f` uses the qutebrowser-baseline `hint all` selector families. Bounded visible DOM collection covers links, images, summaries, buttons, form controls, explicit click handlers, tabbable and ARIA controls, open shadow-root descendants, and same-origin nested frames to depth 8; every candidate receives a unique bounded ID whose exact element is retained in the isolated application world for fresh validation and activation."
"HINT-002","Labels and geometry","M0 onward","in-progress","crates/ferric-browser-core/src/hints.rs; crates/ferric-browser-engine-qt/qml/Main.qml","cargo test -p ferric-browser-core --locked; cargo clippy -p ferric-browser-engine-qt --all-targets --locked --offline -- -D warnings","docs/testing/m1-06-hints.md; docs/testing/m0-134-hint-viewport-revisions.md","Rust assigns fixed-width prefix-free labels and QML renders compact native overlays. Fresh geometry walks the retained element's live same-origin frame chain; finite geometry and material center movement are validated without rejecting unrelated dynamic-page mutations, while device-scale/zoom qualification remains."
"HINT-003","Validation before action","M0 onward","in-progress","crates/ferric-browser-core/src/hints.rs; crates/ferric-browser-core/src/id.rs; crates/ferric-browser-engine-qt/src/lib.rs; crates/ferric-browser-engine-qt/qml/Main.qml; docs/testing/m0-132-hint-document-revisions.md; docs/testing/m0-133-nested-frame-hints.md; docs/testing/m0-134-hint-viewport-revisions.md; docs/testing/m0-135-shadow-hint-activation.md","cargo test -p ferric-browser-core --locked; cargo test -p ferric-browser-engine-qt --locked; cargo xtask check --locked","docs/testing/m1-06-hints.md; docs/testing/m0-132-hint-document-revisions.md; docs/testing/m0-133-nested-frame-hints.md; docs/testing/m0-134-hint-viewport-revisions.md; docs/testing/m0-135-shadow-hint-activation.md","Sessions capture tab/generation/document/frame targets and a unique isolated-world element identity. Selection rechecks attachment, identity, frame, visibility, finite/current geometry, material movement, kind, text, and link metadata; navigation or element replacement fails closed while unrelated page mutations do not invalidate every label."
"HINT-004","Activation","M0 onward","in-progress","crates/ferric-browser-engine-qt/src/lib.rs; crates/ferric-browser-engine-qt/qml/Main.qml","cargo build -p ferric-browser --locked --offline; live offscreen hint smoke","docs/testing/m1-06-hints.md","Direct link navigation and input/select/textarea/contenteditable focus are integrated across validated same-origin nested frames; validated ordinary buttons, ARIA controls, and open-shadow descendants activate through the exact retained element rather than coordinate retargeting. Explicit hint focus enters Insert while page-driven autofocus remains in Normal. Rapid link yank, clean-yank, download, background-tab activation, and manifest-backed userscript link activation are integrated. Browser features that require a trusted user-activation event, cross-origin frames, and full frame semantics remain."
"HINT-005","Rapid hints","M0 onward","in-progress","crates/ferric-browser-engine-qt/src/lib.rs; crates/ferric-browser-engine-qt/qml/Main.qml; crates/ferric-browser/src/main.rs","cargo test -p ferric-browser-engine-qt --locked --offline; cargo test -p ferric-browser --locked --offline; cargo clippy --workspace --all-targets --locked --offline -- -D warnings; cargo xtask check","docs/testing/m1-06-hints.md","Rapid yank, clean-yank, background-tab, download, and manifest-backed userscript link activation preserve hint mode, clear stale labels, recollect the current document, and validate the source target; background tabs are capped at 20 with explicit continuation confirmation, while native gesture-preserving download qualification remains."
"PAGE-001","Script boundary","M0 onward","in-progress","crates/ferric-browser-engine-qt/build.rs; crates/ferric-browser-engine-qt/qml/Main.qml","cargo test -p ferric-browser-engine-qt --locked --offline; cargo build -p ferric-browser --locked --offline; cargo xtask check; live Wayland startup","docs/testing/m1-13-selection.md","Built-in one-shot DOM scripts are packaged with the QML resource, carry a generated versioned SHA-256 manifest, and run in Qt WebEngine ApplicationWorld with validated serialized results; broader adversarial script-world evidence remains."
"PAGE-002","Focus and selection","M0 onward","in-progress","crates/ferric-browser-engine-qt/src/lib.rs; crates/ferric-browser-engine-qt/qml/Main.qml; crates/ferric-browser-config/src/lib.rs; crates/ferric-browser-core/src/action.rs; crates/ferric-browser-core/src/input.rs","cargo test --workspace --locked --offline; live Wayland caret, selection, and editor fixture smoke","docs/testing/m1-13-selection.md","Visible ordinary-DOM caret movement, selection copy, and focused plain-text external editing use target-validated browser selection APIs, Unicode-aware character/word/line granularities, bounded 1 MiB extraction, password-field rejection, direct 0600 runtime editor files, original-value conflict checks, typed yank/action paths, and the y binding; editor cancellation policy, rich-editor pass-through, and broader input qualification remain."
"PAGE-003","Script timeouts","M0 onward","in-progress","crates/ferric-browser-engine-qt/src/lib.rs; crates/ferric-browser-engine-qt/qml/Main.qml","cargo test --workspace --locked --offline; cargo clippy --workspace --all-targets --locked --offline -- -D warnings; cargo build -p ferric-browser --locked --offline; live Wayland startup","docs/testing/m1-13-selection.md","Selection/editor requests enforce a two-second Rust-side deadline and hint callbacks enforce a 200ms QML interaction budget; late results are discarded and recovery remains navigation/tab close because Qt exposes no safe JavaScript cancellation, while broader frame/deadline qualification remains."
"PAGE-004","Greasemonkey subset","M0 onward","in-progress","crates/ferric-browser-engine-qt/src/userscript.rs; crates/ferric-browser-engine-qt/src/lib.rs; crates/ferric-browser-engine-qt/qml/Main.qml","cargo test -p ferric-browser-engine-qt --locked --offline; cargo clippy --workspace --all-targets --locked --offline -- -D warnings; cargo build -p ferric-browser --locked --offline; live Wayland page-script fixture smoke","docs/testing/m2-11-page-userscripts.md","Local manifests support bounded match/exclude patterns, document_start/document_end/document_idle metadata, top/all frame declaration, explicit page_world opt-in, local source loading, and private-profile gating; top-frame injection is integrated for primary/secondary/popup views, public persistent WebEngineScript wiring plus a bounded qualification reload covers subframes, and browser-owned Settings provides worker-owned atomic install/enable/disable/remove controls that apply on the next navigation; richer Greasemonkey APIs remain."
"TAB-001","Profile consistency","M0 onward","in-progress","crates/ferric-browser-core/src/model.rs; crates/ferric-browser-core/src/reducer.rs; crates/ferric-browser-engine-qt/qml/Main.qml","cargo test --workspace --locked; cargo build --locked","docs/testing/m0-02-03.md; docs/testing/m0-140-profile-open-command.md; docs/testing/m0-143-window-new-command.md; docs/testing/m0-174-window-new-profile-worker.md","Core ownership checks, explicit named secondary windows, separate normal storage names, same-profile popup adoption, profile-open focus-or-create routing, worker-backed profile-open and explicit-profile window-new lookup, and typed normal/private window creation exist; process-wide window routing and full lifecycle qualification remain."
"TAB-002","Ordering","M0 onward","in-progress","crates/ferric-browser-core/src/model.rs; crates/ferric-browser-core/src/reducer.rs; crates/ferric-browser-engine-qt/src/lib.rs; crates/ferric-browser-engine-qt/qml/Main.qml","cargo test --workspace --locked; cargo build -p ferric-browser --locked","docs/testing/m0-01-m1-01.md; docs/testing/m2-04-tabs.md; docs/testing/m2-02-history-bookmarks.md; docs/testing/m0-86-tab-clone.md; docs/testing/m0-87-action-tab-move.md; docs/testing/m0-89-tab-zoom.md; docs/testing/m0-92-tab-select.md; docs/testing/m0-93-window-close.md; docs/testing/m0-147-tab-close-options.md; docs/testing/m0-148-tab-open-navigation.md","Reducer ordering and the QML tab strip support creating/selecting/closing multiple live tabs, one-based index or stable-ID selection through the shared typed action path, pinned-first grouping, mute state, per-tab zoom, in-group movement through the shared typed action path, safe URL-descriptor cloning, bounded recently-closed capture with tab-undo safe reopen, typed targeted or unpinned bulk tab-close with count bounds, typed foreground/background tab-open navigation, and window closure through the typed close boundary. The `d` binding uses the full typed close executor, acknowledgement carries the captured stable tab ID and generation, and closing WebEngine views are hidden and detached before deferred destruction to prevent half-closed model state and stale compositor-frame overlap; opener grouping and broader close qualification remain."
"TAB-003","Live movement","M0 onward","in-progress","crates/ferric-browser-core/src/model.rs; crates/ferric-browser-core/src/reducer.rs; crates/ferric-browser-engine-qt/src/lib.rs; crates/ferric-browser-engine-qt/qml/Main.qml","cargo test --workspace --locked","docs/testing/m0-01-m1-01.md; docs/testing/m2-04-tabs.md; docs/testing/m0-87-action-tab-move.md; docs/testing/m0-88-tab-reopen-window.md; docs/testing/m0-144-tab-give-boundary.md; docs/testing/m0-157-tab-transfer-contract.md; docs/testing/m0-158-tab-detach.md; docs/testing/m0-160-secondary-tab-transfer.md","Same-profile moves preserve the tab's generation/document through reducer-backed left/right movement and QML live-view reparenting; `tab-detach` is now enabled through the typed action capability and creates a new same-profile owner while transferring the existing view, while `tab-give WINDOW_ID` validates exact target identity, enforces same-profile ownership, rolls back failed adoption/source completion, transfers primary/secondary views without navigation, and creates a blank fallback when the source loses its last tab. Forms/media and graphics qualification remain open."
"TAB-004","Popup policy","M0 onward","in-progress","crates/ferric-browser-core/src/reducer.rs; crates/ferric-browser-engine-qt/qml/Main.qml","cargo test --workspace --locked; cargo build --locked","docs/testing/m0-02-03.md","Gesture gating, opener-profile inheritance across primary/secondary/private windows, and public QML new-window adoption exist; full opener/close semantics remain."
"PROFILE-001","Profiles","M0 onward","in-progress","crates/ferric-browser-core/src/model.rs; crates/ferric-browser-engine-qt/src/lib.rs; crates/ferric-browser-engine-qt/qml/Main.qml; crates/ferric-browser-storage/src/profiles.rs; crates/ferric-browser-storage/src/roots.rs","cargo test --workspace --locked; cargo build --locked","docs/testing/m0-02-03.md; docs/testing/m2-01-storage.md; docs/testing/m0-140-profile-open-command.md; docs/testing/m0-141-profile-delete-command.md; docs/testing/m0-173-profile-open-worker.md","Explicit names/labels, distinct normal WebEngine storage names, stable UUID-backed registry entries, profile-local Rust stores, safe base roots, exclusive per-profile locking, label renaming, exact metadata deletion, confirmation-gated profile manager deletion, profile-open focus-or-create routing, worker-backed profile-open lookup, and the shared profile-delete preview boundary exist; full process/lifecycle qualification remains."
"PROFILE-002","Private sessions","M0 onward","in-progress","crates/ferric-browser/src/main.rs; crates/ferric-browser-engine-qt/src/lib.rs; crates/ferric-browser-engine-qt/qml/Main.qml","cargo test -p ferric-browser-engine-qt --locked --offline; cargo xtask check --locked --offline","docs/testing/m0-02-03.md; docs/testing/m2-02-history-bookmarks.md","Temporary launches and the explicit Private window select PrivacyKind::Private and an off-the-record WebEngineProfile; private history is bounded and memory-only for the session, while durable stores, session files, bookmarks, quickmarks, downloads, and permissions remain unavailable. Native engine and final-owner qualification remain."
"PROFILE-003","Private data exclusions","M0 onward","in-progress","crates/ferric-browser/src/main.rs; crates/ferric-browser-engine-qt/src/lib.rs; crates/ferric-browser-engine-qt/qml/Main.qml; crates/ferric-browser-storage/src/lib.rs","cargo test --workspace --locked; cargo build --locked","docs/testing/m0-02-03.md; docs/testing/m2-01-storage.md; docs/testing/m0-94-transient-resource-release.md","Private profiles use off-the-record engine storage and do not open the durable Rust metadata store; the explicit close-time boundary now clears in-memory core state, session grants, stores, locks, roots, and pending browser-owned work. Engine-level persistence exclusions and full runtime qualification remain."
"PROFILE-004","Lifecycle","M0 onward","in-progress","crates/ferric-browser-engine-qt/src/lib.rs; crates/ferric-browser-engine-qt/qml/Main.qml; crates/ferric-browser-storage/src/profiles.rs","cargo test -p ferric-browser-engine-qt --locked; cargo test -p ferric-browser-storage --locked; cargo xtask check","docs/testing/m0-94-transient-resource-release.md; docs/testing/m0-51-ephemeral-profile-ownership.md","Transient windows have a guarded explicit finalization boundary that releases Rust profile/session ownership only after close confirmation; durable profile deletion refuses the active profile and held locks. Shared-profile final-owner runtime qualification, active request accounting, and full profile switching remain."
"PROFILE-005","Suspension","M0 onward","in-progress","crates/ferric-browser-core/src/model.rs; crates/ferric-browser-core/src/reducer.rs; crates/ferric-browser-core/src/command.rs; crates/ferric-browser-core/src/action.rs; crates/ferric-browser-engine-qt/src/lib.rs; crates/ferric-browser-engine-qt/qml/Main.qml","cargo test -p ferric-browser-core -p ferric-browser-engine-qt --locked; cargo xtask check; cargo build -p ferric-browser --locked; native multi-tab smoke","docs/testing/m0-96-tab-suspension.md; docs/testing/m0-97-tab-discard.md","Automatic discard remains off by default. Explicit freeze and discard only operate on hidden live tabs after Qt recommends the requested lifecycle and conservative checks reject audio, DevTools, downloads, prompts, capture, browser operations, and dirty/unknown editable page state; frozen tabs resume in place while discarded tabs visibly request reload on resume. Native lifecycle qualification remains."
"STORE-001","Roots","M0 onward","in-progress","crates/ferric-browser-storage/src/lib.rs; crates/ferric-browser-storage/src/roots.rs","cargo test -p ferric-browser-storage --locked","docs/testing/m2-01-storage.md","Explicit XDG, absolute base, and private temporary roots resolve config/data/state/cache/runtime paths; directory creation uses 0700 and exact temporary cleanup; complete XDG testing, ownership locks, and sensitive file modes remain."
"STORE-002","Ownership","M0 onward","in-progress","crates/ferric-browser-storage/src/lib.rs; crates/ferric-browser-storage/src/profiles.rs; crates/ferric-browser-storage/src/roots.rs; crates/ferric-browser-engine-qt/src/lib.rs","cargo test -p ferric-browser-storage --locked; cargo test -p ferric-browser-engine-qt --locked","docs/testing/m2-01-storage.md","Rust-owned metadata tables, stable normal profile UUID registry, profile-local normal-store wiring, and an explicit private no-durable-state boundary exist; full engine/profile lifecycle and worker ownership remain."
"STORE-003","Initial logical tables","M0 onward","in-progress","crates/ferric-browser-storage/src/lib.rs; crates/ferric-browser-storage/src/sessions.rs","cargo test -p ferric-browser-storage --locked; cargo test -p ferric-browser-storage sessions::tests --locked --offline","docs/testing/m2-01-storage.md; docs/testing/m2-03-sessions.md","Transactional schema creates migrations, pages, visits, bookmarks, quickmarks, command history, permission rules, downloads, and site preferences. Session snapshots carry durable UUID-backed session/profile/window/tab identities; richer cross-process metadata and full disk-failure qualification remain."
"STORE-004","SQLite behavior","M0 onward","in-progress","crates/ferric-browser-storage/src/lib.rs","cargo test -p ferric-browser-storage --locked --offline","docs/testing/m2-01-storage.md; docs/testing/m2-15-storage-recovery.md","Foreign keys, WAL, FULL synchronous mode, and a five-second busy timeout are configured before migrations; older schemas receive one bounded versioned SQLite backup before migration, while migration checksums and full disk-failure qualification remain."
"STORE-005","History policy","M0 onward","in-progress","crates/ferric-browser-storage/src/lib.rs; crates/ferric-browser-storage/src/worker.rs; crates/ferric-browser-engine-qt/src/lib.rs; crates/ferric-browser-engine-qt/qml/Main.qml","cargo test -p ferric-browser-storage -p ferric-browser-engine-qt --locked --offline; cargo xtask check","docs/testing/m2-01-storage.md; docs/testing/m2-02-history-bookmarks.md; docs/testing/m0-104-storage-worker.md; docs/testing/m0-106-external-downloads-query.md; docs/testing/m0-107-library-command-snapshots.md; docs/testing/m0-108-permission-snapshot-consumers.md; docs/testing/m0-109-history-write-worker.md; docs/testing/m0-111-mark-write-worker.md; docs/testing/m0-112-history-clear-worker.md; docs/testing/m0-113-download-destination-worker.md; docs/testing/m0-114-download-index-worker.md","Successful committed visits deduplicate page metadata while retaining visit events; storage rejects credentials, fragments, and obvious secret-bearing query keys, applies the profile retention cutoff transactionally (90 days by default), caps eligible command history at 1,000 newest rows, supports bounded listing and transactional clear, and sensitive command history remains opt-in; durable history/bookmark/quickmark/download consumers, permission queries/decisions, external downloads.query, read-only library commands, and the site-status ledger now use a bounded dedicated SQLite worker and revisioned Qt snapshot, while committed-navigation history writes, bookmark/quickmark edits, confirmed history clearing with validated Unix-time and exact-origin filters, and download creation/destination selection use acknowledged worker-owned mutations; journey mutations and full-scale performance qualification remain."
"SESSION-001","Snapshot contract","M0 onward","in-progress","crates/ferric-browser-storage/src/sessions.rs; crates/ferric-browser-engine-qt/src/lib.rs; crates/ferric-browser-engine-qt/qml/Main.qml","cargo test -p ferric-browser-storage --locked; cargo test -p ferric-browser-engine-qt --locked","docs/testing/m2-03-sessions.md; docs/testing/m0-103-multiwindow-recovery.md","Versioned JSON snapshots include session/profile UUIDs, revision/time, ordered windows/tabs, selected tab, safe-GET descriptors, pin/mute/zoom, optional validated scroll position, and a bounded safe recently-closed descriptor list; normal-profile close checkpoints now use per-window current snapshot files and asynchronously sample loaded tab scroll coordinates, while richer cross-process/session metadata remains."
"SESSION-002","Atomicity","M0 onward","in-progress","crates/ferric-browser-storage/src/sessions.rs; crates/ferric-browser-engine-qt/src/lib.rs; crates/ferric-browser-engine-qt/qml/Main.qml","cargo test --workspace --locked; cargo test -p ferric-browser-storage sessions::tests::injected_atomic_interruption_keeps_a_recoverable_generation --locked --offline; cargo clippy --workspace --all-targets --locked -- -D warnings","docs/testing/m2-03-sessions.md","Snapshots write to a same-directory create-new temporary file, fsync file, retain one prior generation, rename atomically, and fsync the containing directory; loading falls back to that prior generation if needed. A bounded fault-injection test covers each replacement boundary; real process-kill, disk-failure, and filesystem-full qualification remain. Dirty mutations debounce at 500 ms with a five-second maximum checkpoint interval."
"SESSION-003","Restoration","M0 onward","in-progress","crates/ferric-browser-storage/src/sessions.rs; crates/ferric-browser-storage/src/lifecycle.rs; crates/ferric-browser/src/main.rs; crates/ferric-browser-engine-qt/src/lib.rs; crates/ferric-browser-engine-qt/qml/Main.qml","cargo test --workspace --locked; cargo xtask check; cargo build -p ferric-browser --locked","docs/testing/m2-03-sessions.md; docs/testing/m0-64-journey-multitab-restore.md; docs/testing/m0-103-multiwindow-recovery.md","Restore plans put the selected tab first, preserve safe GET URLs only, and produce URL-free placeholders for private/unsafe/auth/blob/data navigation; unclean-exit detection, lazy selected-first recovery UI, validated restore, crash-recovery restoration of the bounded normal-profile closed-tab list, named-session replace/append loading, target-specific session-restore journey metadata, per-window current snapshots, and merged recovery across durable windows exist, while richer workspace/window geometry recovery remains."
"SESSION-004","User actions","M0 onward","in-progress","crates/ferric-browser-storage/src/sessions.rs; crates/ferric-browser-storage/src/worker.rs; crates/ferric-browser-engine-qt/src/lib.rs; crates/ferric-browser-engine-qt/qml/Main.qml","cargo test --workspace --locked; cargo clippy --workspace --all-targets --locked -- -D warnings","docs/testing/m2-03-sessions.md","Profile-scoped named session save/list/load commands exist, including append loading; the QML session manager requests validated restore plans through the storage worker, previews and loads bounded descriptors without synchronous session-file reads on the GUI thread, crash recovery restores bounded closed-tab undo only for normal profiles, handles stale/invalid files, requires explicit Replace or Append choice, and confirms exact-name deletion, while unsaved-page/download checks remain."
"STORE-006","Corruption and disk full","M0 onward","in-progress","crates/ferric-browser-storage/src/lib.rs; crates/ferric-browser-engine-qt/src/diagnostics.rs; crates/ferric-browser-engine-qt/src/lib.rs; crates/ferric-browser/src/main.rs","cargo test -p ferric-browser-storage --locked --offline; cargo test -p ferric-browser-engine-qt --locked --offline; cargo test -p ferric-browser --locked --offline; cargo xtask check","docs/testing/m2-15-storage-recovery.md; docs/testing/m2-10-diagnostics.md","Existing nonempty databases pass a read-only quick_check/schema preflight before writes; corrupt and newer-schema files are refused with explicit preservation/recovery guidance, older schemas receive a versioned pre-migration backup, disk-full SQLite errors are classified, and diagnostics can inspect profile files read-only without exposing paths or browsing data. Repair/export and full disk-failure qualification remain."
"CONFIG-001","Typed schema","M0 onward","in-progress","crates/ferric-browser-config/src/lib.rs; crates/ferric-browser-engine-qt/src/lib.rs; crates/ferric-browser/src/main.rs","cargo test -p ferric-browser-config --locked --offline; cargo test -p ferric-browser-engine-qt --locked --offline; cargo test -p ferric-browser --locked --offline; cargo clippy --workspace --all-targets --locked --offline -- -D warnings","docs/testing/m1-07-config.md; docs/testing/m0-138-profile-config.md","Typed starter schema, defaults, unknown-key rejection, bounded numeric values, enum validation, unsafe search-template rejection, typed profile definitions, and binding-layer validation exist; a single setting registry now exposes type/default/scope/apply-time/prerequisite/sensitivity metadata through config.get and the shared get command, while portable file notifications and full live qualification remain."
"CONFIG-002","Precedence","M0 onward","in-progress","crates/ferric-browser-config/src/lib.rs; crates/ferric-browser-engine-qt/src/lib.rs; crates/ferric-browser/src/main.rs","cargo test -p ferric-browser-config --locked --offline; cargo test -p ferric-browser-engine-qt --locked --offline; cargo test -p ferric-browser --locked --offline","docs/testing/m1-07-config.md; docs/testing/m0-136-runtime-site-rules.md; docs/testing/m0-138-profile-config.md; docs/testing/m0-139-profile-aware-windows.md","Trusted includes are merged in listed order and the root file wins recursively. The configured default profile layer applies before generated runtime/CLI layers, and profile-aware secondary windows rebuild the same precedence for their selected profile. Typed config.get resolves authored plus generated site rules in deterministic priority/source order, and explain includes present authored/profile/runtime/CLI/temporary/site contributors with a marked winner; the registry declaration and any lifecycle-bound pending value are also returned."
"CONFIG-003","Reload transaction","M0 onward","in-progress","crates/ferric-browser-config/src/lib.rs; crates/ferric-browser-engine-qt/src/lib.rs","cargo test -p ferric-browser-config --locked --offline; cargo test -p ferric-browser-engine-qt --locked --offline","docs/testing/m1-07-config.md","ConfigStore and the GUI commit only valid candidates and retain the last known-good revision after failure. The GUI reapplies runtime, CLI, and temporary layers, applies live/next-navigation values without page reloads, reports reload/startup/restart values as pending, and rejects invalid candidates without replacing the last known-good active configuration."
"CONFIG-004","Includes and file watching","M0 onward","in-progress","crates/ferric-browser-config/src/lib.rs; crates/ferric-browser-engine-qt/src/lib.rs; crates/ferric-browser-engine-qt/qml/Main.qml; crates/xtask/src/main.rs","cargo test -p ferric-browser-config --locked --offline; cargo test -p ferric-browser-engine-qt --locked --offline; cargo xtask test config; native Wayland startup smoke","docs/testing/m1-07-config.md","Local relative includes have depth, total-size, cycle, repeat-import, and environment-expansion guards. The GUI watches the root, resolved include files, and parent directories with a 150 ms coherent-candidate debounce; Linux inotify is supplemented by a bounded metadata poll fallback for atomic replacement and missing-then-created sources, while a dedicated single-flight worker now performs include expansion, validation, profile-layer parsing, adjacent contexts/profiles validation, and config-check validation before the GUI commit/report. The disposable nested-Wayland smoke atomically replaces the authored config and verifies the owner IPC value changes. Broader installed-environment qualification remains."
"CONFIG-005","UI persistence","M0 onward","in-progress","crates/ferric-browser-config/src/lib.rs; crates/ferric-browser-core/src/command.rs; crates/ferric-browser-engine-qt/src/lib.rs; crates/ferric-browser/src/main.rs","cargo test --workspace --locked --offline; cargo clippy --workspace --all-targets --locked --offline -- -D warnings","docs/testing/m1-07-config.md; docs/testing/m0-136-runtime-site-rules.md","A bounded RuntimeOverrides document is loaded separately from user config and saved atomically with private permissions. Typed :set/:unset/:bind/:unbind commands apply persistent, temporary, or memory-only changes and refresh the live config without rewriting user config; --pattern site rules use the same atomic layer and highest generated precedence; CLI --set values remain higher precedence. config-export writes a reviewed merged TOML document through a bounded worker to a new user-selected path, reports completion or failure, and refuses overwrite."
"CONFIG-006","Site patterns","M0 onward","in-progress","crates/ferric-browser-config/src/lib.rs; crates/ferric-browser-engine-qt/src/lib.rs; crates/ferric-browser-engine-qt/qml/Main.qml; crates/ferric-browser/src/main.rs","cargo test -p ferric-browser-config --locked --offline; cargo test -p ferric-browser-engine-qt --locked --offline; cargo test -p ferric-browser --locked --offline; cargo xtask check","docs/testing/m1-07-config.md; docs/testing/m0-137-site-pattern-semantics.md; docs/testing/m0-138-profile-config.md","Bounded HTTP(S) patterns now accept http, https, or * schemes; exact hosts, apex-safe leading *., exact ports, bracketed IPv6, and path globs with query/fragment stripping are validated and matched deterministically. Supported site-scoped content settings and input.entry_mode feed the active Qt views, and config.get exposes the effective value, explanation, and registry metadata; runtime site-rule qualification remains."
"CONFIG-007","Honest scopes","M0 onward","in-progress","crates/ferric-browser-config/src/lib.rs; crates/ferric-browser-engine-qt/src/lib.rs","cargo test -p ferric-browser-config --locked; cargo test -p ferric-browser-engine-qt --locked; cargo clippy --workspace --all-targets --locked -- -D warnings; cargo xtask check; native Wayland startup smoke","docs/testing/m1-07-config.md; docs/testing/m1-08-config-scopes.md; docs/testing/m0-136-runtime-site-rules.md; docs/testing/m0-138-profile-config.md; docs/testing/m0-139-profile-aware-windows.md","The validated site-rule key set is centralized and limited to supported page settings. URL-qualified config.get rejects profile/global-only keys instead of presenting them as per-site, reports supported scopes plus a full registry metadata declaration, and generated --pattern editing and profile override loading reject unsupported scope shapes. Profile-manager windows now apply their selected profile layer consistently; global proxy qualification and richer profile/context management remain."
"THEME-001","Semantic theme","M0 onward","in-progress","crates/ferric-browser-config/src/lib.rs; crates/ferric-browser-engine-qt/src/lib.rs; crates/ferric-browser-engine-qt/qml/Main.qml; crates/ferric-browser-engine-qt/src/diagnostics.rs","cargo test -p ferric-browser-config --locked; cargo test -p ferric-browser-engine-qt --locked; cargo clippy --workspace --all-targets --locked -- -D warnings; cargo xtask check; native Wayland startup smoke","docs/testing/m1-09-theme.md; docs/testing/m4-04-omarchy-theme.md","Semantic browser-chrome tokens, specified builtin fallbacks, six/eight-digit color validation, readable surface opacity clamping, opaque security prompt surfaces, private/mode-insert indicators, chrome-only application, and a WCAG-AA semantic-pair report are integrated. Full provider qualification, rendered contrast checks, and a few specialized diagnostic-state colors remain."
"SEC-001","Untrusted inputs","M0 onward","in-progress","crates/ferric-browser-engine-qt/src/lib.rs; crates/ferric-browser-storage/src/lib.rs; crates/ferric-browser-core/src/url.rs; crates/ferric-browser-ipc/src/lib.rs","cargo test -p ferric-browser-core --locked; cargo test -p ferric-browser-engine-qt --locked; cargo test -p ferric-browser-storage --locked; cargo test -p ferric-browser-ipc --locked; cargo xtask test fuzz; cargo clippy --workspace --all-targets --locked -- -D warnings; cargo xtask check; native Wayland startup smoke","docs/testing/m0-27-untrusted-inputs.md","Shared URL, IPC argument, title, download, history, bookmark, quickmark, hint, selection, and page-dialog boundaries reject oversized/control-bearing values or sanitize them before state/storage; URL schemes and durable history policies remain conservative, and typed IPC never reparses input as shell syntax. All checked-in fuzz targets now have bounded corpus execution; long-duration fuzzing, a live malicious-input fixture, and every engine callback qualification remain."
"SEC-002","No web-to-native authority","M0 onward","in-progress","crates/ferric-browser-engine-qt/qml/Main.qml; crates/ferric-browser-engine-qt/src/lib.rs; crates/ferric-browser/src/main.rs; crates/ferric-browser-ipc/src/lib.rs","cargo test -p ferric-browser-engine-qt --locked; cargo test -p ferric-browser-ipc --locked; cargo clippy --workspace --all-targets --locked -- -D warnings; cargo xtask check; native Wayland startup smoke","docs/testing/m0-26-page-authority.md","No WebChannel, context property, or page-exposed BrowserUi object exists. Browser-owned page interaction uses bounded one-shot JavaScript in ApplicationWorld and Rust validates serialized focus/selection/action data before any native operation; page scripts cannot reach local IPC, profiles, files, permissions, or commands. Full malicious-page live attack fixture and renderer qualification remain."
"SEC-003","Internal documents","M0 onward","in-progress","crates/ferric-browser-engine-qt/src/url_display.cpp; crates/ferric-browser-engine-qt/src/url_display.h; crates/ferric-browser-engine-qt/src/lib.rs; crates/ferric-browser/src/main.rs; crates/ferric-browser-core/src/url.rs","cargo test -p ferric-browser-core --locked; cargo test -p ferric-browser-engine-qt --locked; cargo clippy --workspace --all-targets --locked -- -D warnings; cargo xtask check; native Wayland startup smoke","docs/testing/m0-23-internal-documents.md","The restrictive rb:// scheme is registered before QGuiApplication/profile/view creation without local-access, CORS, service-worker, or handler privileges; native management UI remains the only privileged surface and URL policy rejects rb:// navigation. Fixed bundled-asset serving, strict-CSP document fixtures, and DevTools qualification remain."
"SEC-004","Logging and diagnostics","M0 onward","in-progress","crates/ferric-browser-ipc/src/lib.rs; crates/ferric-browser-engine-qt/src/diagnostics.rs; crates/ferric-browser-engine-qt/src/logging.rs; crates/ferric-browser-engine-qt/qml/Main.qml; crates/ferric-browser-storage/src/lifecycle.rs; crates/ferric-browser/src/main.rs","cargo test -p ferric-browser-ipc --locked; cargo test -p ferric-browser-engine-qt --locked; cargo test -p ferric-browser-storage --locked; cargo test -p ferric-browser --locked; cargo clippy --workspace --all-targets --locked -- -D warnings; cargo xtask check; native Wayland startup smoke","docs/testing/m0-24-logging-diagnostics.md","IPC error messages/details redact sensitive fields, bearer credentials, URL userinfo/query/fragment data, and form-like payloads before serialization. Diagnostics explicitly declare logging off, page console/navigation traces excluded, mandatory redaction, preview-before-explicit-copy/save, no automatic upload, and private-data exclusion. Structured crash events are bounded and sanitized; opaque IPC correlation IDs and stable error codes are retained in a bounded process-memory ring exposed by diagnostics without sensitive details. Native action.audit events now also write bounded redacted JSONL records to the configured private rotating state log, with level filtering, size/retention limits, and profile teardown ownership; disposable debug-profile qualification remains."
"PERM-001","One authority","M0 onward","in-progress","crates/ferric-browser-engine-qt/src/lib.rs; crates/ferric-browser-engine-qt/qml/Main.qml","cargo test --workspace --locked --offline; cargo clippy --workspace --all-targets --locked --offline -- -D warnings; live Wayland startup","docs/testing/m3-01-permissions.md","Primary, secondary, and popup views use AskEveryTime, per-window browser-owned prompt surfaces, and a configured BrowserUi authority; durable Rust permission service and grouped cross-view queue exist, while portal/source and indicator qualification remain."
"PERM-002","Decision key","M0 onward","in-progress","crates/ferric-browser-storage/src/permissions.rs; crates/ferric-browser-engine-qt/src/lib.rs","cargo test -p ferric-browser-storage --locked --offline; cargo test -p ferric-browser-engine-qt permission_session_key --locked --offline; cargo clippy --workspace --all-targets --locked --offline -- -D warnings","docs/testing/m3-01-permissions.md","Durable rules normalize exact HTTP(S) origins, permission type, decision, expiry, and update time in a profile-local unique ledger; runtime session decisions are now keyed by effective profile/session UUID, normalized origin, permission type, and explicit profile-session lifetime. Full top-level-document/frame partitioning remains unavailable on the pinned Qt Quick request surface."
"PERM-003","Resolution order","M0 onward","in-progress","crates/ferric-browser-engine-qt/src/lib.rs; crates/ferric-browser-config/src/lib.rs","cargo test --workspace --locked --offline; cargo clippy --workspace --all-targets --locked --offline -- -D warnings","docs/testing/m3-01-permissions.md","Exact configured rules, unexpired profile-local durable rules, and global capability defaults resolve in order; screen/window capture is a non-overridable per-request ask and never inherits an allow; full top-level-document/frame partitioning remains unavailable."
"PERM-004","Prompt lifecycle","M0 onward","in-progress","crates/ferric-browser-engine-qt/qml/Main.qml","cargo xtask check; cargo test --workspace --locked --offline; QT_QPA_PLATFORM=wayland timeout 10s target/debug/ferric-browser --temp-basedir","docs/testing/m3-01-permissions.md","All supported primary, secondary, and popup requests enter per-window browser-owned surfaces and a bounded grouped queue with explicit allow/deny/lifetime actions, 30-second expiry, overflow cooldown, replacement-navigation and window/tab destruction cancellation; desktop-media source selection is explicit, while system-audio/portal qualification and document/profile shutdown lifecycle remain."
"PERM-005","Revocation","M0 onward","in-progress","crates/ferric-browser-engine-qt/src/lib.rs; crates/ferric-browser-engine-qt/qml/Main.qml; crates/ferric-browser-storage/src/permissions.rs","cargo test --workspace --locked --offline; cargo clippy --workspace --all-targets --locked --offline -- -D warnings; live Wayland permission-reset smoke","docs/testing/m3-01-permissions.md","Durable and session rules are removed with exact-origin validation; screen/window capture reset never creates a durable row, cancels matching queued prompts, and reloads every registered matching primary/secondary view plus active tracked capture view through the engine lifecycle because the pinned Qt Quick API exposes no direct active-stream stop. Permission-specific device indicators and full portal/device qualification remain."
"AUTH-001","Account flows","M0 onward","in-progress","crates/ferric-browser-engine-qt/qml/Main.qml; crates/ferric-browser-engine-qt/src/lib.rs","cargo test -p ferric-browser-engine-qt --locked; cargo fmt --all -- --check; cargo xtask check; cargo build -p ferric-browser --locked; native Wayland startup smoke","docs/testing/m0-41-account-profile-boundary.md; docs/testing/m0-100-popup-shutdown.md","Tabs share one window profile and approved popups inherit the opener profile/private state, with distinct normal/private storage configuration and no second Rust cookie store. Popup close now acknowledges the exact opener-owned popup tab target; disposable local auth-flow and authorized account qualification remain."
"AUTH-002","HTTP/proxy/client certificate requests","M0 onward","in-progress","crates/ferric-browser-engine-qt/qml/Main.qml; crates/ferric-browser-engine-qt/src/lib.rs","cargo test -p ferric-browser-engine-qt --locked; cargo fmt --all -- --check; cargo xtask check; cargo build -p ferric-browser --locked; native Wayland startup smoke","docs/testing/m0-32-authentication.md","Primary, secondary, and approved popup views now route HTTP/proxy authentication through a browser-owned host-labeled prompt with bounded transient fields, per-document suppression/rate limiting, and navigation/destruction cancellation. Client-certificate requests show only engine-offered identities, select by engine index, and call selectNone on cancel, missing choices, navigation, or teardown; no credentials/private keys enter persistence, scripts, logs, or diagnostics. Interactive HTTP/proxy/client-certificate fixture qualification, secure credential-store integration, and broader account/WebAuthn/TLS flows remain."
"AUTH-003","WebAuthn","M0 onward","in-progress","crates/ferric-browser-engine-qt/qml/Main.qml; crates/ferric-browser-engine-qt/src/lib.rs","cargo test -p ferric-browser-engine-qt --locked; cargo fmt --all -- --check; cargo xtask check; cargo build -p ferric-browser --locked; native Wayland startup smoke","docs/testing/m0-34-webauthn.md","Qt WebAuth UX requests now use a browser-owned relying-party-labeled surface with engine-driven account selection, PIN collection, security-key instruction, retry, failure, completion, cancellation, navigation cleanup, and bounded state transitions. PIN input is cleared immediately after submission and teardown; no PIN or account state is logged, persisted, or exported. Physical FIDO2, platform/Bluetooth/hybrid/synced passkeys, and full interactive fixture qualification remain."
"AUTH-004","TLS","M0 onward","in-progress","crates/ferric-browser-engine-qt/qml/Main.qml; crates/ferric-browser-engine-qt/src/lib.rs","cargo test -p ferric-browser-engine-qt --locked; cargo fmt --all -- --check; cargo xtask check; cargo build -p ferric-browser --locked; native Wayland startup smoke","docs/testing/m0-33-tls.md","Qt certificate errors are rejected by default, including non-main-frame errors and protected Google hosts. Only engine-marked overridable main-frame errors for other hosts reach a native exact-host/error prompt; Accept once calls the engine request API and is not persisted. HSTS/system trust stores are not changed. Self-signed fixture and broader TLS/HSTS/mixed-content qualification remain."
"SEC-005","Secret storage boundary","M0 onward","in-progress","crates/ferric-browser-engine-qt/src/diagnostics.rs","cargo test -p ferric-browser-engine-qt diagnostics --locked --offline; cargo xtask check --locked; ferric-browser diagnostics --format json","docs/testing/m0-119-secret-storage-boundary.md","V1 explicitly reports no built-in vault, no configured external password-manager adapter, no persistent secret fields, transient engine-memory authentication requests, and no userscript credential-handler capability; any future external adapter requires separate review and exact-origin checks."
"SEC-006","Website data clearing","M0 onward","in-progress","crates/ferric-browser-core/src/command.rs; crates/ferric-browser-engine-qt/src/lib.rs; crates/ferric-browser-engine-qt/qml/Main.qml","cargo test -p ferric-browser-core -p ferric-browser-engine-qt --locked; cargo clippy --workspace --all-targets --locked -- -D warnings; cargo xtask check; native Wayland startup smoke","docs/testing/m2-16-site-data.md","`site-data-clear ORIGIN` previews and, after explicit confirmation, clears only page-origin local storage, Cache Storage, and service-worker registrations. Visible cookies are reported as partial; HTTP cache is profile-wide-only and never selected; other origins/profile data are excluded, and stale completion is rejected. Full cookie-store clearing, profile reset, and two-origin live qualification remain."
"SEC-007","Diagnostic experiment boundary","M0 onward","in-progress","crates/ferric-browser-engine-qt/src/lib.rs; crates/ferric-browser-engine-qt/qml/Main.qml","cargo xtask check; cargo clippy --workspace --all-targets --locked -- -D warnings; native Wayland startup smoke","docs/testing/m2-14-site-ledger.md; docs/testing/m2-17-site-doctor.md","Site Doctor supports explicit blocker-bypass, userscripts-off, and fresh same-profile-view experiments with exact tab/document/origin capture, private-session rejection, visible 30-second expiry, navigation/close/profile invalidation, and individual undo. Durable blocker exceptions remain separately previewed and confirmed; TLS/HSTS, permissions, site/profile data, sandbox, global proxy, and compatibility persistence are not changed. Compiled-default reset and full multiwindow/live qualification remain."
"FILE-001","File selection","M0 onward","in-progress","crates/ferric-browser-engine-qt/src/lib.rs; crates/ferric-browser-engine-qt/qml/Main.qml","cargo test -p ferric-browser-engine-qt --locked --offline; cargo clippy --workspace --all-targets --locked --offline -- -D warnings; native Wayland startup smoke","docs/testing/m2-05-downloads.md; docs/testing/m0-16-file-picker-lifecycle.md","Primary, secondary, and popup windows use asynchronous native Qt FileDialog/FolderDialog flows: download requests remain live until accept/cancel, open, open-many, save, and folder-upload requests return local paths only, and pending requests are cancelled on navigation, view destruction, window teardown, or dialog replacement. Portal URI qualification remains."
"FILE-002","Download lifecycle","M0 onward","in-progress","crates/ferric-browser-engine-qt/src/lib.rs; crates/ferric-browser-engine-qt/qml/Main.qml; crates/ferric-browser-storage/src/lib.rs","cargo test --workspace --locked --offline; cargo build -p ferric-browser --locked --offline; live Wayland download smoke","docs/testing/m2-05-downloads.md","QtWebEngine requests are explicitly accepted and normal-profile lifecycle/index updates cover offered, in-progress, paused, interrupted, cancelled, and completed states; typed download/link-action, rapid-hint, downloads-manager, open/reveal, cancel, retry, pause/resume, and primary-window quit-decision paths are integrated, while multiwindow shutdown coordination and engine-specific pause qualification remain."
"FILE-003","Filename safety","M0 onward","in-progress","crates/ferric-browser-storage/src/downloads.rs; crates/ferric-browser-engine-qt/src/lib.rs","cargo test -p ferric-browser-storage --locked; cargo test -p ferric-browser-engine-qt staged_download_finalization_is_exclusive_and_cross_filesystem_safe --locked --offline; cargo clippy --workspace --all-targets --locked -- -D warnings","docs/testing/m2-05-downloads.md","Server names are converted to bounded UTF-8-safe basenames, including oversized extension-only names; device names are guarded, existing/symlink paths are not selected, and download bodies are staged privately then finalized with exclusive destination creation, including cross-filesystem copies; engine-path and platform qualification remain."
"FILE-004","Open and reveal","M0 onward","in-progress","crates/ferric-browser-engine-qt/src/lib.rs; crates/ferric-browser-engine-qt/qml/Main.qml; crates/ferric-browser/src/main.rs","cargo test -p ferric-browser-engine-qt -p ferric-browser --locked --offline; cargo clippy --workspace --all-targets --locked --offline -- -D warnings","docs/testing/m2-05-downloads.md","Completed downloads expose explicit manager Open/Show controls and typed download-open/download-show command and IPC paths; Rust rejects non-completed, missing, non-regular, and symlink targets before handing a file URL to the desktop, while platform-specific select-in-folder behavior remains."
"FILE-005","Save/PDF/print","M0 onward","in-progress","crates/ferric-browser-engine-qt/src/lib.rs; crates/ferric-browser-engine-qt/qml/Main.qml; crates/ferric-browser/src/main.rs","cargo test --workspace --locked --offline; cargo clippy --workspace --all-targets --locked --offline -- -D warnings; native Wayland startup smoke","docs/testing/m2-05-downloads.md","Typed save-page preserves a validated explicit destination through QtWebEngine's MIME-HTML download lifecycle. Typed print-pdf uses the built-in renderer with explicit success/failure status. Typed print renders to a private temporary PDF, queues direct lp submission on a bounded worker, cleans up the temporary path after the worker result, and distinguishes missing/rejected printer outcomes; portal print and native printer qualification remain."
"FILE-006","Spellcheck and menus","M0 onward","in-progress","crates/ferric-browser-config/src/lib.rs; crates/ferric-browser-engine-qt/qml/Main.qml; crates/ferric-browser-engine-qt/src/lib.rs; crates/ferric-browser-engine-qt/src/diagnostics.rs","cargo test -p ferric-browser-config -p ferric-browser-engine-qt --locked; cargo fmt --all -- --check; cargo xtask check; cargo build -p ferric-browser --locked; native Wayland startup smoke","docs/testing/m0-35-context-menus.md; docs/testing/m2-10-diagnostics.md","Primary, secondary, and approved popup views now route Qt context-menu requests into one browser-owned accessible menu with link open/copy/download, media URL/download, selection/edit engine actions, inspect, and bounded spelling replacements. Configured spellcheck enabled/languages feed each profile and `system` resolves to the current locale without downloads. The config boundary now rejects malformed, duplicate, or oversized BCP 47 language lists before they reach Qt. Diagnostics now performs a bounded privacy-safe Hunspell inventory and reports only sanitized dictionary identifiers; link copies strip userinfo, fragments, and sensitive query keys. Portal/interactive menu qualification remains."
"COMPAT-001","Qualification unit","M0 onward","in-progress","crates/xtask/src/main.rs; docs/testing/compatibility-qualification.md","cargo xtask check --locked; cargo xtask test compatibility","docs/testing/compatibility-qualification.md","The versioned report envelope records application/package, Qt/Chromium, platform, date, credential policy, and every G-01–G-17 scenario with pass/fail/blocked/not-run status; live authorized evidence remains required."
"COMPAT-002","Core Google gate","M0 onward","in-progress","docs/testing/compatibility-qualification.md; crates/xtask/src/main.rs","cargo xtask test compatibility","docs/testing/compatibility-qualification.md; docs/testing/compatibility-diagnosis.md","The qualification matrix and report validator are implemented; authorized Gmail/Calendar/Drive/Docs/Sheets/Meet evidence is still pending."
"COMPAT-003","Credentials and external effects","M0 onward","in-progress","docs/SUPPORT.md; docs/RELEASE_POLICY.md; crates/xtask/src/main.rs","cargo xtask check --locked --offline; cargo xtask test compatibility","docs/testing/compatibility-qualification.md; docs/testing/m0-166-support-triage.md","No automated path uses personal credentials; restricted manual qualification requires an authorized account and explicit owner-controlled evidence."
"MEDIA-001","Screen sharing ownership","M0 onward","in-progress","crates/ferric-browser-engine-qt/qml/Main.qml; crates/ferric-browser-engine-qt/src/lib.rs","cargo test -p ferric-browser-engine-qt --locked; cargo fmt --all -- --check; cargo xtask check; cargo build -p ferric-browser --locked; native Wayland startup smoke","docs/testing/m0-36-media-capture.md","Desktop-media source selection stays on Qt WebEngine's engine-owned request path, with browser-owned lifecycle state for primary, secondary, and approved popup hosts and no separate PipeWire pipeline. Live Qt/Chromium portal mediation, duplicate-prompt, cancellation, and teardown qualification remain."
"MEDIA-002","Consent and visibility","M0 onward","in-progress","crates/ferric-browser-engine-qt/qml/Main.qml; crates/ferric-browser-engine-qt/src/lib.rs","cargo test -p ferric-browser-engine-qt --locked; cargo fmt --all -- --check; cargo xtask check; cargo build -p ferric-browser --locked; native Wayland startup smoke","docs/testing/m0-36-media-capture.md","Source selection is explicit before the capture session is recorded; a bounded, host-scoped indicator exposes requesting origin, active/ended state, and Stop/Dismiss controls. Stop uses the owning view's reload boundary because the pinned Qt Quick API exposes no direct stream-stop method; live portal, PipeWire, and physical-indicator qualification remain."
"MEDIA-003","Device lifecycle","M0 onward","in-progress","crates/ferric-browser-engine-qt/qml/Main.qml; crates/ferric-browser-engine-qt/src/lib.rs","cargo test -p ferric-browser-engine-qt --locked; cargo fmt --all -- --check; cargo xtask check; cargo build -p ferric-browser --locked; native Wayland startup smoke","docs/testing/m0-38-device-lifecycle.md","Exact-origin permission reset now cancels queued requests and reloads all registered matching browser views, including secondary windows, to terminate page-owned camera/microphone/capture resources through the engine boundary; failed requests remain retryable through the normal prompt path. Physical device unplug/replug, switching, portal restart, call termination, and system-audio capability remain manual qualification."
"MEDIA-004","Codec and DRM packaging","M0 onward","in-progress","packaging/media-capabilities.toml; crates/ferric-browser-engine-qt/src/diagnostics.rs","cargo test -p ferric-browser-engine-qt --locked; cargo fmt --all -- --check; cargo xtask check; ferric-browser diagnostics --format json","docs/testing/m0-40-codec-drm.md","A versioned package media manifest is exposed through diagnostics with codec MIME candidates, package-input provenance, DRM entries, and explicit not-tested qualification states. No codec is claimed from dependency presence, and no unverified CDM is downloaded; local playback/decode and lawful DRM qualification remain."
"MEDIA-005","Media session integration","M0 onward","in-progress","crates/ferric-browser-engine-qt/qml/Main.qml; crates/ferric-browser-engine-qt/src/lib.rs; crates/ferric-browser-engine-qt/src/diagnostics.rs; crates/ferric-browser-engine-qt/src/mpris_controller.h; crates/ferric-browser-engine-qt/src/mpris_controller.cpp; crates/xtask/src/main.rs","cargo test -p ferric-browser-engine-qt --locked; cargo fmt --all -- --check; cargo xtask check; cargo build -p ferric-browser --locked; cargo xtask test mpris; native Wayland startup smoke","docs/testing/m0-39-media-session.md","The configured hardware play/pause-toggle key and the scoped session-D-Bus MPRIS PlayPause method share Qt WebEngine's ToggleMediaPlayPause action. The live disposable normal-profile smoke verifies retained-query metadata redaction, a harmless non-media PlayPause call, process survival, and that CanPlay is false without recent page audio. Only non-private HTTP(S) metadata is published after credential, fragment, and obvious secret-query redaction; page and document picture-in-picture are reported as separate conservative capability facts; unsupported next/previous/stop/seek/track-list actions and live session-bus, desktop-player, hardware, physical playback, and PiP qualification remain."
"MEDIA-006","Notifications versus push","M0 onward","in-progress","crates/ferric-browser-engine-qt/qml/Main.qml; crates/ferric-browser-engine-qt/src/lib.rs; crates/ferric-browser-engine-qt/src/notification_presenter.cpp","cargo test -p ferric-browser-engine-qt --locked; cargo fmt --all -- --check; cargo xtask check; cargo build -p ferric-browser --locked; native Wayland startup smoke","docs/testing/m0-37-notifications-push.md","Normal and private profiles route Qt WebEngine notifications through a consent/config gate; opaque, denied, or desktop-disabled notifications are closed. Browser-owned profile-scope/origin/tag coalescing, independent untagged notifications, closed-signal eviction, permission-revocation cleanup, teardown cleanup, and session-DBus native activation routing with asynchronous service-failure fallback to Qt are implemented. Push remains disabled by default and only normal profiles may enable it explicitly. Live desktop/presenter and post-exit service qualification remain."
"COMPAT-004","User agent","M0 onward","in-progress","crates/ferric-browser-engine-qt/src/compatibility.rs; crates/ferric-browser-engine-qt/src/diagnostics.rs","cargo test -p ferric-browser-engine-qt compatibility --locked --offline; cargo xtask check --locked --offline","docs/testing/m0-166-user-agent-policy.md","The browser explicitly reports and tests the QtWebEngine engine-default user-agent policy, with no application override or global Chrome impersonation; live compatibility qualification remains."
"COMPAT-005","Fast upstream diagnosis","M0 onward","in-progress","crates/xtask/src/main.rs; docs/testing/compatibility-diagnosis.md","cargo xtask check --locked --offline","docs/testing/compatibility-diagnosis.md","A checked-in diagnosis template requires exact build/engine identity, sanitized reproduction, same-family Qt reference comparison, authorized upstream linkage, bounded reversible workarounds, and removal conditions; no live regression is claimed."
"NET-001","Network blocking","M0 onward","in-progress","crates/ferric-browser-engine-qt/src/network_policy.rs; crates/ferric-browser-engine-qt/src/request_interceptor.cpp; crates/ferric-browser-engine-qt/src/blocklist_updater.cpp; docs/testing/fixtures/easylist.txt; docs/testing/fixtures/blocking.html; docs/testing/m0-116-cosmetic-rules.md; docs/testing/m0-128-blocklist-source-metadata.md","cargo test -p ferric-browser-engine-qt --locked --offline; cargo build -p ferric-browser --locked --offline; live Wayland cached-list fixture smoke","docs/testing/m2-09-network.md; docs/testing/m0-116-cosmetic-rules.md; docs/testing/m0-128-blocklist-source-metadata.md","A maintained Rust ABP/EasyList-compatible engine now compiles bounded cached lists off-thread and performs URL, first-party, resource-type, exception, and source-index matching synchronously in Qt; the conservative host fallback, security deny policy, site bypass, source metadata, and cosmetic subset remain. Live EasyList/EasyPrivacy fixture evidence and broader cosmetic coverage are still release evidence."
"NET-002","Updates","M0 onward","in-progress","crates/ferric-browser-engine-qt/src/blocklist_updater.h; crates/ferric-browser-engine-qt/src/blocklist_updater.cpp; crates/ferric-browser-engine-qt/src/link_rule_updater.h; crates/ferric-browser-engine-qt/src/link_rule_updater.cpp; crates/ferric-browser-engine-qt/src/link_cleaning_policy.rs; crates/ferric-browser-engine-qt/src/lib.rs; crates/ferric-browser-engine-qt/qml/Main.qml","cargo build -p ferric-browser --locked --offline; isolated HTTPS blocklist-update smoke; cargo test -p ferric-browser-engine-qt link_cleaning_policy --locked --offline; cargo test -p ferric-browser-engine-qt network_policy --locked --offline; cargo xtask check --locked","docs/testing/m2-09-network.md; docs/testing/m0-125-link-rule-conditional-updates.md; docs/testing/m0-126-link-rule-scheduler.md; docs/testing/m0-128-blocklist-source-metadata.md","Named blocklist updates and configured clean-link updates use bounded asynchronous HTTPS requests, conditional ETag/Last-Modified headers where accepted metadata exists, request timeouts, Rust validation, atomic replacement, last-known-good retention, and at-most-daily normal-profile scheduling; accepted list metadata is surfaced without invalidating lists when validators are missing or malformed; full ABP semantics and request-context coverage remain."
"NET-003","Interception semantics","M0 onward","in-progress","crates/ferric-browser-engine-qt/src/request_interceptor.h; crates/ferric-browser-engine-qt/src/request_interceptor.cpp; crates/ferric-browser-engine-qt/src/lib.rs; crates/ferric-browser-engine-qt/qml/Main.qml; crates/ferric-browser-config/src/lib.rs; docs/testing/m0-127-network-request-context.md","cargo test -p ferric-browser-engine-qt --locked --offline; cargo test -p ferric-browser-config --locked --offline; cargo xtask check --locked; cargo xtask test blocking; live Wayland request fixture","docs/testing/m2-09-network.md; docs/testing/m0-127-network-request-context.md","Synchronous ABP matching now consumes Qt resource/navigation/initiator context, labels top-level/subframe/redirect decisions, applies URL/type/first-party options, avoids resource-host fallback for unknown subresource context, and reports bounded unknown-context counts. Separate empty-by-default security-deny host rules fail closed on matches, survive ordinary blocker disablement, and cannot be bypassed by adblock site exceptions. The real Qt/WebEngine fixture now verifies blocked suppression and exception allowance; broader live context qualification remains."
"NET-004","Exceptions","M0 onward","in-progress","crates/ferric-browser-engine-qt/src/network_policy.rs; crates/ferric-browser-engine-qt/src/request_interceptor.cpp; crates/ferric-browser-engine-qt/qml/Main.qml; docs/testing/m2-09-network.md","cargo test -p ferric-browser-engine-qt --locked --offline; cargo xtask test blocking; live Wayland exception and blocking-toggle fixture","docs/testing/m2-09-network.md","Exact-host ABP exception rules, an exact-host profile-local `blocking-toggle --site` bypass keyed by Qt first-party context, bounded active-tab blocked-request counts, host-only explanations, and a bounded memory-only blocked/exception decision trail are live. The real Qt/WebEngine fixture verifies blocked suppression and exception allowance; durable/configured site rules and independent permission/TLS boundaries remain."
"NET-005","Cosmetic rules","M0 onward","in-progress","crates/ferric-browser-engine-qt/src/network_policy.rs; crates/ferric-browser-engine-qt/src/lib.rs; crates/ferric-browser-engine-qt/qml/Main.qml","cargo test -p ferric-browser-engine-qt network_policy --locked --offline; cargo check -p ferric-browser-engine-qt --locked --offline; cargo xtask check; native Wayland startup smoke","docs/testing/m0-116-cosmetic-rules.md","Opt-in cached-list support now parses bounded host-scoped `##` element-hiding selectors and `#@#` exceptions, then injects sanitized CSS into normal, popup, and secondary documents. Generic selectors, scriptlets, unrestricted CSS, cosmetic diagnostics, and full ABP compatibility remain."
"NET-006","Compatibility registry","M0 onward","in-progress","crates/ferric-browser-engine-qt/src/compatibility.rs; crates/ferric-browser-engine-qt/src/diagnostics.rs; crates/ferric-browser-engine-qt/src/lib.rs; packaging/compatibility-quirks.toml","cargo test -p ferric-browser-engine-qt compatibility --locked --offline; cargo test -p ferric-browser-engine-qt diagnostics --locked --offline; cargo xtask check; native Wayland startup smoke","docs/testing/m0-117-compatibility-registry.md","A compiled, bounded, data-only registry validates the full workaround-entry schema and exposes registry health plus scoped active IDs through diagnostics, Site Ledger facts, and sanitized site reports. The shipped registry is intentionally empty until a reproducible reviewed workaround exists; engine-version probing and populated regression qualification remain."
"NET-007","Browser maintenance traffic","M0 onward","in-progress","crates/ferric-browser-config/src/lib.rs; crates/ferric-browser-engine-qt/src/maintenance.rs; crates/ferric-browser-engine-qt/src/diagnostics.rs; crates/ferric-browser-engine-qt/src/lib.rs; crates/ferric-browser-engine-qt/qml/Main.qml","cargo test -p ferric-browser-config remote_suggestions --locked --offline; cargo test -p ferric-browser-engine-qt maintenance --locked --offline; cargo test -p ferric-browser-engine-qt diagnostics --locked --offline; cargo xtask check; native Wayland startup smoke","docs/testing/m0-118-maintenance-traffic.md","Diagnostics now classifies telemetry, crash upload, remote suggestions, history sync, push, blocklist refreshes, user-configured pages/scripts, and site traffic. Remote suggestions are rejected without a provider; push is explicit normal-profile opt-in and private-disabled; blocklist refreshes are bounded HTTPS maintenance traffic with explicit and interval paths."
"CLI-001","Entry points","M0 onward","in-progress","crates/ferric-browser/src/main.rs; crates/ferric-browser-engine-qt/src/lib.rs; crates/ferric-browser-engine-qt/qml/Main.qml","cargo test -p ferric-browser --locked --offline; cargo clippy -p ferric-browser --all-targets --locked --offline -- -D warnings; cargo build --locked; live-owner CLI smoke","docs/testing/m1-05-m1-09.md; docs/testing/m1-02-m1-03.md; docs/testing/m2-06-ipc.md; docs/testing/m4-05-omarchy-launcher.md","Display-free help/version/config check/diagnostics, generated registry command catalog help, open forwarding with typed target/profile/context/clean-link options and joined input tails, fresh-owner profile/context selection, cold-start window/private-window targets, cold-start tab-bg with a blank foreground host and background startup tabs, fresh clean-link preview/confirmation, typed command forwarding, active/last-focused window routing, background-tab opens, secondary durable/private-window opens, tabs/active-tab/bindings/config/switcher JSON queries, stable-ID typed switcher activation for live and stored rows, context list/create/enter/save/confirmed-delete commands, sibling contexts.toml loading, same-profile existing-window routing, and validated cross-profile/new-window context routing exist; live-owner compositor behavior and exhaustive CLI operation qualification remain."
"CLI-002","Instance selection","M0 onward","in-progress","crates/ferric-browser/src/main.rs; crates/ferric-browser-engine-qt/src/lib.rs; crates/ferric-browser-ipc/src/lib.rs","cargo test -p ferric-browser --locked --offline; cargo test -p ferric-browser-engine-qt --locked --offline; cargo test -p ferric-browser-ipc --locked --offline; native Wayland smoke","docs/testing/m2-06-ipc.md","Stable digest-based instance paths, process-held ownership, private AF_UNIX listener startup, protocol negotiation, explicit selector namespaces, normal startup-input forwarding, and no-argument focus dispatch through the owner IPC listener are present; native compositor activation remains qualification work."
"CLI-003","Exit codes","M0 onward","in-progress","crates/ferric-browser/src/main.rs","cargo test -p ferric-browser --locked --offline; cargo clippy -p ferric-browser --all-targets --locked --offline -- -D warnings; CLI failure smoke","docs/testing/m2-06-ipc.md; docs/testing/m0-08-error-vocabulary.md","CLI errors carry stable symbolic codes and map invalid arguments, missing instances, stale/not-found targets, confirmation/cancellation, permission refusals, unsupported capabilities, busy/timeouts, and protocol mismatches to statuses 1 through 7; explicit documented `E_*` codes take precedence over prose heuristics and all stable codes are unit-tested; `--format json` emits the code, status, and human-readable message as structured stderr JSON, while exhaustive operation-specific mapping remains."
"IPC-001","Transport","M0 onward","in-progress","crates/ferric-browser-ipc/src/lib.rs; crates/ferric-browser-engine-qt/src/lib.rs; crates/ferric-browser/src/main.rs","cargo test -p ferric-browser --locked --offline; cargo clippy --workspace --all-targets --locked --offline -- -D warnings","docs/testing/m2-06-ipc.md","AF_UNIX listener, private instance paths, Linux peer UID, ownership lock with dead-PID stale-lock recovery, safe stale-socket handling, Qt-thread request queuing, startup forwarding, and bounded connection admission are implemented; slow-consumer qualification remains."
"IPC-002","Framing","M0 onward","in-progress","crates/ferric-browser-ipc/src/lib.rs; crates/ferric-browser-engine-qt/src/lib.rs; crates/ferric-browser/src/main.rs","cargo test --workspace --locked --offline; cargo test -p ferric-browser-ipc request_parsing_enforces_depth_and_identifiers --locked --offline; cargo test -p ferric-browser-ipc event_subscriber_registry_is_bounded --locked --offline; cargo clippy --workspace --all-targets --locked --offline -- -D warnings","docs/testing/m2-06-ipc.md","Bounded four-byte big-endian JSON framing, UTF-8/depth/request validation, recursive duplicate-key rejection, hello negotiation, typed envelopes, five-second handshake timeout, 32 live-connection cap, 32 event-subscriber cap, and 64 outstanding-request cap are implemented; flood/slow-consumer qualification remains."
"IPC-003","Method surface","M0 onward","in-progress","crates/ferric-browser-engine-qt/src/lib.rs; crates/ferric-browser-ipc/src/lib.rs; crates/ferric-browser/src/main.rs; crates/ferric-browser-engine-qt/qml/Main.qml","cargo test -p ferric-browser-engine-qt -p ferric-browser --locked --offline; live event, blocking-status, blocking-toggle, blocklist-update, and switcher-activation smoke","docs/testing/m2-06-ipc.md; docs/testing/m2-09-network.md; docs/testing/m4-05-omarchy-launcher.md","Typed command.execute and action.execute plus active/last-focused routing, background-tab open, secondary-window/private-window open, actions/windows/tabs/profiles/downloads/contexts/switcher query/switcher activation/site/blocking/blocking-toggle/blocklist-update/diagnostics/operations methods, bindings.query, config.get, and events.subscribe with exact filters are live; switcher.activate reuses the per-kind action allowlist and stale/private-row checks for live and stored results. Durable context lifecycle, same-profile existing-window routing, and validated cross-profile/new-window context routing are available through command.execute; richer action semantics remain."
"IPC-004","Query schema","M0 onward","in-progress","crates/ferric-browser-engine-qt/src/lib.rs","cargo test -p ferric-browser-engine-qt --locked --offline; cargo clippy --workspace --all-targets --locked --offline -- -D warnings","docs/testing/m2-06-ipc.md","Tab/window/profile/download payloads include IDs, profile data, state flags, sequence watermark, and sanitized URL/title/source output; contexts.query exposes durable IDs, profile affinity, metadata, optionally saved membership, and live context fields on tab rows; read-only adapters reject unknown fields and mistyped booleans, strings, and limits; bindings expose bounded layer provenance including explicit masks; compositor data, full revisions, and configurable private access remain."
"IPC-005","Event ordering","M0 onward","in-progress","crates/ferric-browser-engine-qt/src/lib.rs; crates/ferric-browser-ipc/src/lib.rs","cargo test --workspace --locked --offline; cargo test -p ferric-browser-ipc event_subscriber_registry_is_bounded --locked --offline; live event smoke","docs/testing/m2-06-ipc.md","Snapshot responses include a state sequence watermark and events.subscribe pushes monotonically revisioned sanitized events through a bounded 32-subscriber registry and bounded 256-message/4 MiB per-subscriber queues with exact event-type filters; affected opaque targets and state changes are included without sensitive navigation data, config changes, downloads, and async operations emit bounded config.changed/download.changed/operation.completed events, overflow emits an events.gap refresh marker, and persistent backpressure disconnects the subscriber."
"IPC-006","Retry semantics","M0 onward","verified","crates/ferric-browser-ipc/src/lib.rs; crates/ferric-browser-engine-qt/src/lib.rs; crates/ferric-browser/src/main.rs","cargo test -p ferric-browser-ipc --locked --offline; cargo test -p ferric-browser --locked --offline; cargo xtask check --locked --offline","docs/testing/m2-06-ipc.md","The live server applies a 60-second, 1,024-entry per-connection request cache with same-ID payload rejection and in-flight duplicate protection; idle authenticated subscriptions do not expire at the handshake timeout, and cross-restart replay is intentionally not promised."
"SCRIPT-001","Process execution","M0 onward","in-progress","crates/ferric-browser-core/src/command.rs; crates/ferric-browser-engine-qt/src/lib.rs; crates/ferric-browser-engine-qt/qml/Main.qml; crates/ferric-browser/src/main.rs","cargo test -p ferric-browser-core -p ferric-browser-engine-qt -p ferric-browser --locked --offline; cargo clippy --workspace --all-targets --locked --offline -- -D warnings; live Wayland spawn fixture smoke","docs/testing/m2-07-scripts.md","Direct argv spawn is available through command, CLI, and typed IPC paths with URL/title/selection placeholder resolution, target-aware asynchronous selection capture, bounded argv validation, and no implicit shell; userscript lifecycle and richer external-process policy remain."
"SCRIPT-002","Userscript registration","M0 onward","in-progress","crates/ferric-browser-engine-qt/src/userscript.rs; crates/ferric-browser-engine-qt/src/lib.rs; crates/ferric-browser-engine-qt/qml/Main.qml; crates/ferric-browser/src/main.rs","cargo test -p ferric-browser-engine-qt -p ferric-browser --offline; live Wayland userscript fixture smoke","docs/testing/m2-07-scripts.md","Validated local manifests are loaded from configured userscripts/, capped at 64 KiB, resolve relative executables, validate declared context/result/command fields and namespaced action declarations, and enforce allow_private. Normal-profile Settings provides create-only explicit installation with bounded dependency copying, private permissions, immediate stable action registration, and no overwrite; installation, inventory reads, enable-state replacements, and confirmation-gated removal use the bounded userscript manager worker, with manifest/asset symlink refusal and atomic removal cleanup; URL/link/selection/tab/window/context/download/history-entry/bookmark/quickmark/session/command actions are typed, while live compositor qualification remains."
"SCRIPT-003","Userscript protocol","M0 onward","in-progress","crates/ferric-browser-engine-qt/src/userscript.rs; crates/ferric-browser-engine-qt/src/lib.rs","cargo test -p ferric-browser-engine-qt --locked --offline; live Wayland userscript fixture smoke","docs/testing/m2-07-scripts.md","Versioned JSON stdin, requested simple context env vars, stdin closure, bounded line-delimited message/open/yank/command results, typed manifest-allowlisted result execution, timeout, operation status integration, sanitized hint_url context, target-validated asynchronous selection context, and explicit bounded/redacted stderr retrieval through operations.query are implemented; live selection/result qualification remains."
"SCRIPT-004","Cancellation","M0 onward","in-progress","crates/ferric-browser-engine-qt/src/lib.rs","cargo test -p ferric-browser-engine-qt --locked --offline; cargo clippy --workspace --all-targets --locked --offline -- -D warnings; live Wayland userscript cancellation smoke","docs/testing/m2-07-scripts.md; docs/testing/m0-14-process-groups.md","Userscript operations own cancellation tokens, stop their worker's dedicated Unix process group with bounded SIGTERM/SIGKILL escalation, and preserve cancelled status; live compositor evidence and behavior after a deliberate setsid remain."
"SCRIPT-005","Context privacy","M0 onward","in-progress","crates/ferric-browser-engine-qt/src/userscript.rs; crates/ferric-browser-engine-qt/src/lib.rs","cargo test --workspace --locked --offline; live Wayland userscript context smoke","docs/testing/m2-07-scripts.md","Only declared simple fields are exported; URL output uses existing credential/secret-query redaction, selection is target-validated and capped at 1 MiB, private execution is denied unless allow_private is explicit, and no cookies/auth/password/DOM capability is exposed. Live selection and private-profile qualification remain."
"EDITOR-001","Supported editing","M0 onward","in-progress","crates/ferric-browser-config/src/lib.rs; crates/ferric-browser-engine-qt/src/lib.rs; crates/ferric-browser-engine-qt/qml/Main.qml","cargo test --workspace --locked --offline; strict Clippy/build; live Wayland editor fixture smoke","docs/testing/m1-13-selection.md; docs/testing/m0-13-editor-cancellation.md; docs/testing/m0-14-process-groups.md","Focused textarea/plain-text editing uses a private 0600 runtime file created and fsynced by a bounded worker before launching the direct configured argv; password fields are rejected and editor cancellation terminates the dedicated Unix process group, reaps the child, and removes the scratch file. Private swap-file warnings, rich-editor qualification, and live cancellation evidence remain."
"EDITOR-002","Write-back","M0 onward","in-progress","crates/ferric-browser-engine-qt/src/lib.rs","cargo test --workspace --locked --offline; strict Clippy/build; live Wayland editor fixture smoke","docs/testing/m1-13-selection.md; docs/testing/m0-13-editor-cancellation.md; docs/testing/m0-14-process-groups.md","Target/document identity, original-value conflict checks, input/change dispatch, no-submit behavior, exact temporary-file cleanup, unchanged-value handling, and cancellation cleanup are implemented; process-group cleanup and broader field qualification remain."
"WL-001","Native operation","M0 onward","in-progress","crates/ferric-browser/src/main.rs; docs/architecture/capabilities.md","QT_QPA_PLATFORM=wayland cargo run -p ferric-browser -- --temp-basedir","docs/testing/m0-02-03.md","Native Wayland launch path is implemented; real-window evidence remains."
"WL-002","Scaling","M0 onward","in-progress","crates/ferric-browser-engine-qt/qml/Main.qml","cargo fmt --all -- --check; cargo xtask check; cargo build -p ferric-browser --locked; QT_QPA_PLATFORM=wayland timeout 10s target/debug/ferric-browser --temp-basedir","docs/testing/m0-30-wayland-scaling.md; docs/testing/m0-18-theme-dimensions.md","Browser-owned geometry stays in Qt logical units, reports the attached screen's device scale/logical DPI, derives overlay growth from font metrics, and bounds large-font overlays to the available window. No device-pixel ratio is multiplied into logical coordinates. Mixed-DPI movement, 100/125/150/200% outputs, cursor/hit-test, popup, hint, and page-zoom qualification remain."
"WL-003","Input and clipboard","M0 onward","in-progress","crates/ferric-browser-engine-qt/src/url_display.cpp; crates/ferric-browser-engine-qt/src/url_display.h; crates/ferric-browser-engine-qt/src/diagnostics.rs; crates/ferric-browser-engine-qt/src/lib.rs; crates/ferric-browser-engine-qt/qml/Main.qml","cargo test -p ferric-browser-engine-qt --locked --offline; cargo fmt --all -- --check; cargo xtask check","docs/testing/m0-12-wayland-clipboard.md","Regular clipboard read/write, explicit primary-selection writes, and explicit paste-open target/channel reads now cross a browser-owned Qt boundary. The live Qt diagnostic snapshot probes and reports actual primary-selection availability, and reads/writes fail with an explicit message without silent fallback; display-free CLI diagnostics remain not-probed, while IME, drag/drop, smooth scrolling, keyboard-layout, scaling, and native compositor qualification remain."
"WL-004","Activation","M0 onward","in-progress","crates/ferric-browser-engine-qt/qml/Main.qml; crates/ferric-browser-engine-qt/src/lib.rs; crates/ferric-browser-core/src/reducer.rs","cargo test -p ferric-browser-engine-qt -p ferric-browser-core --locked; cargo xtask check; cargo build -p ferric-browser --locked; QT_QPA_PLATFORM=wayland timeout 10s target/debug/ferric-browser --temp-basedir","docs/testing/m0-31-wayland-activation.md","Switcher focus uses Qt's requestActivate path once, records immediate activation when available, and reports an unknown compositor outcome after a bounded observation instead of retrying or forging tokens. External IPC window.focus now returns an operation ID and publishes the observed activated/unknown/stale outcome through the operation ledger. Background-tab operations retain their non-activating reducer target. Desktop-launch token propagation and live compositor denial evidence remain."
"WL-005","Portal capabilities","M0 onward","in-progress","crates/ferric-browser-engine-qt/src/diagnostics.rs; crates/ferric-browser/src/main.rs","cargo test -p ferric-browser-engine-qt --locked --offline; cargo clippy -p ferric-browser-engine-qt --all-targets --locked --offline -- -D warnings; ferric-browser diagnostics --format json; live portal request smoke","docs/testing/m0-15-portal-probes.md","Shared diagnostics now performs bounded read-only user-D-Bus introspection and reports FileChooser, ScreenCast, OpenURI, and Notification interface versions independently. Asynchronous parent-window requests, timeouts/cancellation, backend identity, and live file/capture/notification evidence remain."
"WL-006","Missing services","M0 onward","in-progress","crates/ferric-browser-engine-qt/src/diagnostics.rs; crates/ferric-browser/src/main.rs","cargo test -p ferric-browser-engine-qt --locked --offline; ferric-browser diagnostics --format json; missing-service fixture","docs/testing/m0-15-portal-probes.md","Missing bus/probe tools, portal interfaces, and PipeWire core are reported as explicit unavailable or not-tested facts without service restarts or machine writes; affected-operation UI guidance and primary-install package qualification remain."
"WL-007","Desktop conventions","M0 onward","in-progress","packaging/io.github.ferricbrowser.FerricBrowser.desktop; packaging/io.github.ferricbrowser.FerricBrowser.svg; crates/ferric-browser/src/main.rs; crates/ferric-browser-engine-qt/qml/Main.qml","desktop-file-validate packaging/io.github.ferricbrowser.FerricBrowser.desktop; cargo test --workspace --locked; ferric-browser default-browser status","docs/testing/m0-17-desktop-conventions.md","Stable desktop identity, HTTP(S)/HTML/PDF associations, normal/private window actions, scalable icon, explicit verified default-browser opt-in, XDG download-directory resolution, and multiple-URL desktop launches are provided without changing defaults during installation or first launch; installed-package and live handler qualification remain."
"HYPR-001","Optional boundary","M0 onward","in-progress","crates/ferric-browser-engine-qt/src/hyprland.rs; crates/ferric-browser-engine-qt/src/lib.rs","cargo test -p ferric-browser-engine-qt --locked --offline; cargo build --locked","docs/testing/m4-03-hyprland.md","Runtime-only Hyprland discovery uses the instance signature and separate request/event socket paths; a bounded version probe selects escaped Lua dispatchers for 0.55+ and legacy dispatchers for 0.51–0.54; missing or failed IPC remains non-fatal. Exact-window placement and broader live compositor qualification remain."
"HYPR-002","Window identification","M0 onward","in-progress","crates/ferric-browser-engine-qt/src/hyprland.rs; crates/ferric-browser-engine-qt/src/lib.rs","cargo test -p ferric-browser-engine-qt --locked --offline","docs/testing/m4-03-hyprland.md","Client discovery matches the stable FerricBrowser desktop ID and returns opaque compositor address, PID, and workspace data without relying on title or PID alone; movement additionally validates the mapped active client through j/activewindow after Qt activation, while exact live multi-window owner qualification remains."
"HYPR-003","Workspace routing","M0 onward","in-progress","crates/ferric-browser-engine-qt/src/lib.rs; crates/ferric-browser-engine-qt/qml/Main.qml; crates/ferric-browser-engine-qt/src/hyprland.rs","cargo test -p ferric-browser-engine-qt --locked --offline; cargo xtask check; QT_QPA_PLATFORM=wayland timeout 10s target/debug/ferric-browser --temp-basedir","docs/testing/m4-03-hyprland.md","Switcher activation forwards a validated context workspace only when explicitly enabled, and compositor failures do not block browser focus. Workspace route/move socket I/O uses current documented Hyprland Lua dispatchers through a bounded single-flight worker with GUI-thread polling; live routing switched the active workspace on Hyprland 0.56.2. Window movement now requires a mapped active compositor client with stable FerricBrowser identity after Qt activation, while broader live multi-window qualification remains."
"HYPR-004","No competing window manager","M0 onward","in-progress","packaging/omarchy/share/ferric-browser-omarchy/examples/hyprland/ferric-browser-0.51.conf; packaging/omarchy/share/ferric-browser-omarchy/examples/hyprland/ferric-browser-0.55.lua; crates/ferric-browser-engine-qt/src/hyprland.rs","cargo test -p ferric-browser-engine-qt --locked --offline; makepkg --printsrcinfo -p packaging/omarchy/PKGBUILD","docs/testing/m4-03-hyprland.md; docs/testing/m4-05-omarchy-launcher.md","Compositor-owned geometry/focus remains outside the browser; the optional package provides separately version-qualified, commented hyprlang and Lua identity examples plus a keybinding without editing user configuration. Broader compositor qualification remains."
"OMA-001","Theme source discovery","M0 onward","in-progress","crates/ferric-browser-config/src/lib.rs; crates/ferric-browser-engine-qt/src/lib.rs","cargo test -p ferric-browser-config --locked --offline; cargo build -p ferric-browser --locked; QT_QPA_PLATFORM=wayland timeout 10s target/debug/ferric-browser --temp-basedir","docs/testing/m4-04-omarchy-theme.md","Auto mode discovers the current and older supported Omarchy layouts, explicit theme.path wins, builtin fallback is deterministic, and palette/provider status reports detected layout plus bounded version/commit values (unknown remains explicit when unavailable); live native Wayland qualification remains."
"OMA-002","Data-only import","M0 onward","in-progress","crates/ferric-browser-config/src/lib.rs; crates/ferric-browser-engine-qt/src/lib.rs; crates/ferric-browser-engine-qt/qml/Main.qml","cargo test -p ferric-browser-config --locked --offline; cargo build -p ferric-browser --locked","docs/testing/m4-04-omarchy-theme.md","Bounded TOML-only palette parsing validates hex colors, maps semantic tokens, applies deterministic fallbacks, drives native chrome through typed JSON properties, and reports assessed WCAG-AA pairs without rejecting imperfect themes; rendered contrast qualification and richer palette tokens remain."
"OMA-003","Theme changes","M0 onward","in-progress","crates/ferric-browser-engine-qt/src/lib.rs; crates/ferric-browser-engine-qt/qml/Main.qml","cargo test -p ferric-browser-engine-qt --locked --offline; cargo build -p ferric-browser --locked; QT_QPA_PLATFORM=wayland timeout 10s target/debug/ferric-browser --temp-basedir","docs/testing/m4-04-omarchy-theme.md","The active palette file and replacement-parent directories use the existing event-driven inotify watcher; validated changes update chrome without page reloads and invalid changes preserve the prior palette. Visual and cross-platform qualification remain."
"OMA-004","Launcher and shell","M0 onward","in-progress","crates/ferric-browser/src/main.rs; crates/ferric-browser-engine-qt/src/lib.rs; packaging/io.github.ferricbrowser.FerricBrowser.desktop; packaging/omarchy/share/ferric-browser-omarchy/launcher-actions.toml; packaging/omarchy/usr/bin","cargo test -p ferric-browser --locked --offline; cargo test -p ferric-browser-engine-qt --locked --offline; desktop-file-validate packaging/io.github.ferricbrowser.FerricBrowser.desktop; sh -n packaging/omarchy/usr/bin/ferric-browser-omarchy-query-tabs; sh -n packaging/omarchy/usr/bin/ferric-browser-omarchy-activate-tab","docs/testing/m4-05-omarchy-launcher.md","Desktop actions, a launcher-neutral query contract, and exact stable-ID normal-profile tab activation use public CLI/IPC only; Walker, Waybar, title scraping, and database scraping are not required. Live launcher selection remains."
"OMA-005","Integration package","M0 onward","in-progress","packaging/omarchy/PKGBUILD; packaging/omarchy/README.md; packaging/omarchy/share/ferric-browser-omarchy; packaging/omarchy/usr/bin","shell syntax checks; makepkg --printsrcinfo -p packaging/omarchy/PKGBUILD; isolated dependency-resolved package install/upgrade; disposable native Wayland wrapper smoke","docs/testing/m4-05-omarchy-launcher.md","Optional community-maintained package installs vendor resources under package-owned locations, includes a data-only theme template, versioned Hyprland example, launcher actions, and non-mutating doctor; package transactions, executable wrappers, live tab query, accepted activation, invalid-ID rejection, and doctor no-files-changed behavior now pass. Live workspace routing, palette-provider presence, and checksum/publication review remain."
"OMA-006","This workspace's customization workflow","M0 onward","in-progress","docs/DEVELOPMENT_SPEC.md; docs/testing/m4-04-omarchy-theme.md; docs/testing/m4-05-omarchy-launcher.md","cargo xtask check --locked --offline","docs/testing/m4-03-hyprland.md; docs/testing/m4-04-omarchy-theme.md; docs/testing/m4-05-omarchy-launcher.md","Omarchy integration remains adapter-scoped and documented; machine customization and acceptance follow the workspace owner workflow and are not silently changed by this project."
"A11Y-001","Chrome accessibility","M0 onward","in-progress","crates/ferric-browser-engine-qt/qml/Main.qml; crates/xtask/src/main.rs","cargo xtask check; QT_QPA_PLATFORM=wayland timeout 10s target/debug/ferric-browser --temp-basedir","docs/testing/m0-19-accessibility-semantics.md; docs/testing/m0-165-accessibility-contract.md","Native chrome now exposes explicit roles, names, selected state, and editable/dialog semantics for tabs, completion, address/search/command fields, status bars, and permission prompts; xtask fails the project check if required QML accessibility markers or Escape/focus boundaries disappear; screen-reader bridge and complete focus-order qualification remain."
"A11Y-002","Focus and navigation","M0 onward","in-progress","crates/ferric-browser-engine-qt/qml/Main.qml","cargo xtask check; QT_QPA_PLATFORM=wayland timeout 10s target/debug/ferric-browser --temp-basedir","docs/testing/m0-20-focus-restoration.md","Overlay focus is captured and restored across command/search/switcher modes, page dialogs, permissions, screen sharing, renderer recovery, downloads, and primary/secondary/popup file pickers; screen-reader focus-order and portal-specific interactive evidence remain."
"A11Y-003","Contrast and motion","M0 onward","in-progress","crates/ferric-browser-config/src/lib.rs; crates/ferric-browser-engine-qt/src/diagnostics.rs; crates/ferric-browser-engine-qt/src/lib.rs; crates/ferric-browser-engine-qt/qml/Main.qml","cargo test -p ferric-browser-config -p ferric-browser-engine-qt --locked; cargo xtask check; QT_QPA_PLATFORM=wayland timeout 10s target/debug/ferric-browser --temp-basedir","docs/testing/m0-28-accessibility-contrast-motion.md","Builtin and imported semantic palettes now produce a WCAG-AA normal-text contrast report, and QML additionally checks the effective post-normalization colors used by the native chrome, including alpha compositing. The chrome has no optional animations today; reduced-motion system mode probes the GNOME-compatible desktop preference off-thread, while system font scaling probes the GNOME-compatible text factor off-thread and applies a bounded scale to native chrome. Pixel-capture review and assistive-technology qualification remain."
"A11Y-004","Input matrix","M0 onward","in-progress","crates/ferric-browser-engine-qt/qml/Main.qml; crates/ferric-browser-engine-qt/src/lib.rs; crates/ferric-browser-core/src","cargo test -p ferric-browser-engine-qt -p ferric-browser-core --locked; cargo xtask check; QT_QPA_PLATFORM=wayland timeout 10s target/debug/ferric-browser --temp-basedir","docs/testing/m0-29-accessibility-input-matrix.md; docs/testing/m1-02-m1-03.md","Normal-mode commands now consume bounded logical text only when Ctrl/Alt/Meta are absent, preserving Shift-produced bindings and leaving modified/IME-like text to native input paths; Unicode text fields and clipboard remain data-oriented. US/non-US layout, AltGr/dead-key, CJK IME, rich-editor, bidirectional, mixed-layout, and AT input qualification remain."
"DIAG-001","Report contents","M0 onward","in-progress","crates/ferric-browser-engine-qt/src/diagnostics.rs; crates/ferric-browser-engine-qt/src/hyprland.rs; crates/ferric-browser-engine-qt/src/lib.rs; crates/ferric-browser-engine-qt/src/url_display.cpp; crates/ferric-browser/src/main.rs","cargo test -p ferric-browser-engine-qt -p ferric-browser --locked --offline; ferric-browser diagnostics --format json","docs/testing/m2-10-diagnostics.md; docs/testing/m0-15-portal-probes.md","Versioned reports now expose build, runtime, capability, storage, workaround, protocol, privacy, and category-only recent-error sections, including bounded Qt runtime-version, public QtWebEngine module version, selected Qt graphics backend, bounded Linux DRM driver identity when sysfs exposes it, Hyprland compositor version when its instance is observable, portal-interface/version, PipeWire-core, Hunspell dictionary-inventory, and live network-blocking state/count probes; profile database inspection is deterministic and capped at 128 entries with explicit truncation; dictionary paths, rule bodies, request data, and audit identifiers are excluded, and missing inventories are explicit; exact Chromium security patch, GPU decode, codec, and mandatory-capability qualification remain."
"DIAG-002","Report privacy","M0 onward","in-progress","crates/ferric-browser-engine-qt/src/diagnostics.rs; crates/ferric-browser-engine-qt/src/lib.rs; crates/ferric-browser-engine-qt/qml/Main.qml; crates/ferric-browser/src/main.rs","cargo test -p ferric-browser-engine-qt -p ferric-browser --locked --offline; ferric-browser diagnostics --format json","docs/testing/m2-10-diagnostics.md","Default CLI/IPC output has explicit exclusions for URLs, account names, cookies, credential paths, page console logs, and private-session data. The native surface shows the bounded preview before enabling an explicit local Save; exports are private, atomic, non-overwriting, and never uploaded or retained by the browser. Renderer/helper, advisory, and live desktop qualification remain."
"DIAG-003","Error vocabulary","M0 onward","in-progress","crates/ferric-browser-ipc/src/lib.rs; crates/ferric-browser/src/main.rs; crates/ferric-browser-engine-qt/src/lib.rs","cargo test -p ferric-browser-ipc -p ferric-browser --locked --offline; cargo test -p ferric-browser-engine-qt action_failures_have_structured_redacted_details --locked --offline; cargo xtask check; target/debug/ferric-browser --software-rendering diagnostics --format json","docs/testing/m0-08-error-vocabulary.md","IPC and CLI failures now canonicalize legacy codes into the specified stable vocabulary, add a non-sensitive opaque correlation ID, and expose bounded preserved-state/next-action guidance; Qt maps configuration, storage, protocol, I/O, permission, target, and engine failures to stable codes. Broader migration of native status strings remains."
"DIAG-004","Site ledger","M0 onward","in-progress","crates/ferric-browser-engine-qt/src/lib.rs; crates/ferric-browser-engine-qt/qml/Main.qml; crates/ferric-browser-storage/src/permissions.rs","cargo test -p ferric-browser-storage -p ferric-browser-engine-qt --locked --offline; cargo build -p ferric-browser --locked --offline","docs/testing/m2-14-site-ledger.md","Read-only site.status and the native site-status panel provide a bounded privacy-safe active-tab/document ledger with normalized origin, profile/context capture, blocker and permission facts, provenance/state/capability metadata, and explicit remediation IDs; richer engine/site facts remain."
"FAIL-001","Renderer crash","M0 onward","in-progress","crates/ferric-browser-engine-qt/qml/Main.qml; crates/ferric-browser-engine-qt/src/lib.rs; crates/ferric-browser-core/src/reducer.rs","cargo xtask check; cargo test --workspace --locked --offline; cargo xtask test adapter; QT_QPA_PLATFORM=wayland timeout 10s target/debug/ferric-browser --temp-basedir","docs/testing/m0-05-failures.md","Public renderProcessTerminated signals mark the affected primary/secondary/popup view and reduce a captured live target in Rust; reload/new navigation/commit restore renderer health, repeated-failure UI remains bounded, healthy tabs are preserved, and the browser-owned recovery surface offers reload/close/copy-safe-URL/diagnostics actions. Fault-injection and shared-renderer attribution qualification remain."
"FAIL-002","GPU fallback","M0 onward","in-progress","crates/ferric-browser/src/main.rs; crates/ferric-browser-engine-qt/src/lib.rs; crates/ferric-browser-engine-qt/src/diagnostics.rs; crates/ferric-browser-engine-qt/qml/Main.qml","cargo test -p ferric-browser -p ferric-browser-engine-qt --locked --offline; cargo xtask check; QT_QPA_PLATFORM=wayland timeout 10s target/debug/ferric-browser --software-rendering --temp-basedir","docs/testing/m0-07-gpu-fallback.md","The renderer recovery surface offers an explicit software-rendering restart that waits for the current instance to release its lock, preserves normal or temporary profile roots, sets only explicit GPU/Qt software flags, keeps sandbox validation, and reports degraded rendering in chrome and diagnostics; basic browsing/media qualification and fault-injection startup failure evidence remain."
"FAIL-003","Feature failures","M0 onward","in-progress","crates/ferric-browser-engine-qt/src/network_policy.rs; crates/ferric-browser-engine-qt/src/lib.rs; crates/ferric-browser-engine-qt/src/url_display.cpp; crates/ferric-browser-engine-qt/qml/Main.qml; crates/ferric-browser-core/src/command.rs; crates/ferric-browser-core/src/input.rs","cargo test -p ferric-browser-engine-qt --locked --offline; cargo fmt --all -- --check; cargo xtask check","docs/testing/m0-10-filter-failure.md; docs/testing/m0-11-clipboard-failure.md; docs/testing/m0-13-editor-cancellation.md; docs/testing/m0-14-process-groups.md","Malformed cached filter lists retain the active last-known-good host rules across reload. Clipboard reads reject empty, oversized, and control-containing input before navigation, with no new tab created on failure. External-editor and userscript cancellation terminate their dedicated process groups with bounded escalation and preserve cleanup; missing script, portal, invalid-config, database, noncritical-integration, and interactive clipboard/compositor qualification remain."
"FAIL-004","Recovery mode","M0 onward","in-progress","crates/ferric-browser/src/main.rs; crates/ferric-browser-engine-qt/qml/Main.qml","cargo test -p ferric-browser --locked --offline; cargo xtask check; QT_QPA_PLATFORM=wayland timeout 10s target/debug/ferric-browser --safe-mode; QT_QPA_PLATFORM=wayland timeout 10s target/debug/ferric-browser --userscripts-off","docs/testing/m0-06-safe-mode.md","--safe-mode rejects user profile/config/context/basedir/override inputs, uses disposable roots and built-in configuration, disables page userscripts at the injection boundary, visibly identifies the temporary diagnostic session, and retains normal Qt security defaults; --userscripts-off provides a separately named normal-profile GUI mode that preserves configured storage/session state while disabling both page-world and sub-frame page userscript injection."
"FAIL-005","Process crash diagnostics","M0 onward","in-progress","crates/ferric-browser-storage/src/lifecycle.rs; crates/ferric-browser/src/main.rs; crates/ferric-browser-engine-qt/src/lib.rs","cargo test -p ferric-browser-storage -p ferric-browser-engine-qt -p ferric-browser --locked --offline; cargo fmt --all -- --check; cargo xtask check; target/debug/ferric-browser diagnostics --format json","docs/testing/m0-09-crash-diagnostics.md","The browser preserves a private running marker and bounded atomic structured lifecycle log, exposes sanitized crash facts through CLI and IPC diagnostics, excludes automatic core-dump collection/export, and avoids claiming that the Rust marker prevents or attributes Qt helper/GPU-driver crashes; release symbol packaging and native fault-injection qualification remain."
"PERF-001","Reference environment","M0 onward","in-progress","crates/xtask/src/perf.rs; crates/ferric-browser-engine-qt/src/diagnostics.rs; crates/ferric-browser-engine-qt/src/url_display.cpp","cargo test -p xtask --locked --offline; cargo run --release -p xtask -- perf --suite core --samples 30 --output PATH; cargo run --release -p xtask -- perf --suite ui --samples 30","docs/testing/m0-162-performance.md","The reproducible core and UI performance suites record build profile, architecture, parallelism, and available Linux CPU/memory/governor facts. Live diagnostics report the Qt Quick graphics API and Qt platform from their authoritative runtime APIs; the disposable UI suite captures these facts with process-tree evidence, while fixed qualified hardware and broader GPU/compositor qualification remain."
"PERF-002","Measurement rules","M0 onward","in-progress","crates/ferric-browser-core/src/completion.rs; crates/xtask/src/perf.rs","cargo test -p xtask --locked --offline; cargo clippy -p xtask --all-targets --locked --offline -- -D warnings; cargo build --release -p xtask -p ferric-browser --locked --offline; target/release/xtask perf --suite core --samples 30 --output PATH; target/release/xtask perf --suite ui --samples 30","docs/testing/m0-162-performance.md","The harness refuses debug builds. The core suite uses monotonic clocks, at least 30 samples, median/p95/p99, raw JSON samples, and explicit targets. The UI suite keeps engine metrics separate while recording startup readiness, 30 forwarding-process IPC samples, a five-second idle window, and Linux process-tree memory under a disposable profile."
"PERF-003","Leak criteria","M0 onward","in-progress","crates/xtask/src/perf.rs; crates/ferric-browser-engine-qt/qml/Main.qml","cargo run --release -p xtask -- perf --suite ui --samples 30","docs/testing/m0-162-performance.md","The harness uses a private disposable basedir, reports process/renderer counts and summed smaps PSS/RSS, performs coordinated shutdown, and cleans up on success or error. DevTools engine views are lazy; the current one-tab run contained one renderer and 304,041 KiB process-tree PSS, while repeated QObject/process-tree leak and long-running memory-plateau qualification remains."
"PERF-004","Responsiveness under load","M0 onward","in-progress","crates/xtask/src/perf.rs; crates/ferric-browser-ipc/src/lib.rs; crates/ferric-browser-engine-qt/src/lib.rs; crates/ferric-browser-engine-qt/qml/Main.qml; crates/ferric-browser-engine-qt/src/request_interceptor.cpp","cargo run --release -p xtask -- perf --suite core --samples 30; cargo run --release -p xtask -- perf --suite ui --samples 30; cargo test -p ferric-browser-ipc -p ferric-browser-engine-qt --locked","docs/testing/m0-162-performance.md","IPC, maintenance, focus, scroll capture, blocker evidence, MPRIS, and DevTools activation use coalesced wakeups, one-shot scheduling, or change signals instead of permanent high-frequency polling. The current automated one-tab run measured 0.20% main-process CPU over five idle seconds; 100 restored tabs, active download/meeting, UI responsiveness, and cancellable load qualification remain."
"TEST-001","Pure core","M0 onward","in-progress","crates/ferric-browser-core/src; crates/xtask/src/main.rs; fuzz/fuzz_targets","cargo xtask test core; cargo xtask test fuzz; cargo test -p ferric-browser-core --locked --offline","docs/testing/m0-01-m1-01.md; docs/testing/m0-159-fuzz-targets.md","Qt-independent unit coverage exercises command parsing, keychain/count handling, mode transitions, URL policy, reducer invariants, stale-target rejection, and typed protocol contracts; standalone fuzz targets add bounded corpus execution and property-style invariant checks, while broader randomized and release qualification remain."
"TEST-002","Adapter integration","M0 onward","in-progress","crates/xtask/src/main.rs; crates/ferric-browser-engine-qt/src/lib.rs; crates/ferric-browser-engine-qt/qml/Main.qml; crates/ferric-browser/src/main.rs","cargo xtask test adapter; cargo test -p ferric-browser-engine-qt --locked --offline; cargo clippy --workspace --all-targets --locked --offline -- -D warnings","docs/testing/m0-161-adapter-integration.md","A bounded offscreen Qt/QML smoke builds and runs the installed bridge/application for ten seconds, failing on early exit or QML module-load errors; Qt signals, callbacks, profile ownership, popup/file/script-world behavior, teardown, and real Wayland qualification remain native integration work."
"TEST-003","Native Wayland harness","M0 onward","in-progress","crates/xtask/src/main.rs; docs/testing/m0-98-native-wayland-startup.md","cargo xtask test wayland; cargo clippy -p xtask --all-targets --locked --offline -- -D warnings","docs/testing/m0-98-native-wayland-startup.md","The Wayland entry point starts the bounded loopback fixture server and opens its editable page, then builds a disposable private-runtime Weston headless compositor, launches FerricBrowser inside dbus-run-session with a bounded 10-second lifetime, captures early-exit diagnostics, and guarantees child/runtime cleanup including stale portal FUSE mounts. The current machine's nested startup, fixture-backed launch, and teardown smoke passed; editable input is attempted through optional wtype and explicitly reports not-run when wtype or the compositor virtual-keyboard protocol is unavailable; focus and portal qualification remain."
"TEST-004","Local web fixtures","M0 onward","in-progress","crates/xtask/src/fixture_server.rs; crates/xtask/src/main.rs; docs/testing/fixtures","cargo test -p xtask --locked --offline; cargo clippy -p xtask --all-targets --locked --offline -- -D warnings; cargo xtask fixture-server --once; cargo xtask fixture-server --https --once; cargo xtask test wayland","docs/testing/m1-10-local-fixtures.md","A bounded loopback fixture server supplies deterministic redirect, POST 303/307, download, auth, popup, permission, file-form, editable, frame, shadow-DOM, service-worker, heavy-page, WebSocket-handshake, cross-origin alias, and not-found routes over HTTP plus an opt-in ephemeral OpenSSL/socat HTTPS wrapper. The native Wayland smoke now launches the `/editable` fixture; interactive WebEngine behavior and HTTPS/portal qualification remain."
"TEST-005","UI automation boundary","M0 onward","in-progress","crates/xtask/src/main.rs; crates/ferric-browser-engine-qt; crates/ferric-browser; packaging","cargo xtask check --locked --offline; cargo xtask test adapter; cargo xtask test wayland","docs/testing/m0-163-ui-automation-boundary.md","Production source is checked for Chromium remote-debugging and automation-socket markers, the disposable offscreen adapter smoke is bounded to a temporary profile, and the nested Wayland harness attempts focused editable-page input through wtype. The current Weston headless build lacks the virtual-keyboard protocol, so that input result is explicitly not-run; native Qt input, IME, focus, accessibility, and portal qualification remain manual/native test work."
"TEST-006","Fuzz targets","M0 onward","in-progress","fuzz/Cargo.toml; fuzz/fuzz_targets; fuzz/corpus/README.md; crates/xtask/src/main.rs","cargo xtask test fuzz; cargo fmt --manifest-path fuzz/Cargo.toml -- --check","docs/testing/m0-159-fuzz-targets.md","Twelve standalone libFuzzer targets now cover command/binding parsing, IPC framing and envelopes, URL/link cleaning, switcher matching, site rules, context routes, imported sessions, action-target schemas, hint labels, manifest-gated userscript results, and reducer state sequences with invariant checks. The deterministic fuzz gate builds every target and runs each against its checked-in corpus for 32 bounded iterations; repeated long-duration fuzz runs and new minimized regressions remain release qualification work."
"TEST-007","Storage interruption","M0 onward","in-progress","crates/ferric-browser-storage/src/sessions.rs; crates/ferric-browser-storage/src/lib.rs","cargo test -p ferric-browser-storage sessions::tests::injected_atomic_interruption_keeps_a_recoverable_generation --locked --offline; cargo test -p ferric-browser-storage --locked --offline","docs/testing/m2-03-sessions.md; docs/testing/m2-15-storage-recovery.md","Fault-injected session replacement boundaries now verify cleanup, current-generation selection, and fallback to the retained validated generation; migration/process-kill, SQLite disk-full, and filesystem-full qualification remain."
"TEST-008","Flakiness","M0 onward","in-progress","crates/xtask/src/main.rs; crates/ferric-browser-core; crates/ferric-browser-storage","cargo xtask test repeat; cargo xtask check --locked --offline","docs/testing/m0-164-flakiness.md","A bounded repeat entry point runs the Qt-independent core and storage contract suites three times with the normal test scheduler; native Qt/Wayland repetition and long-duration stress remain release qualification work."
"TEST-009","Accessibility evidence","M0 onward","in-progress","crates/xtask/src/main.rs; crates/ferric-browser-engine-qt/qml/Main.qml","cargo xtask test accessibility; cargo xtask check --locked --offline; cargo xtask test adapter","docs/testing/m0-165-accessibility-contract.md; docs/testing/m0-29-accessibility-input-matrix.md","A dedicated bounded xtask entry validates required browser-owned QML roles, names, descriptions, selected state, visible-overlay focus markers, and Escape handling; the project check runs the same guard. Native AT-SPI/screen-reader, focus-order, IME, and portal-dialog qualification remain."
"PLAN-001","Task cards","M0 onward","verified","docs/testing/m0-01-m1-01.md","cargo test --workspace --locked","docs/testing/m0-01-m1-01.md","Verified by the initial core slice."
"PLAN-002","Dependency order","M0 onward","in-progress","crates/ferric-browser-core/src","cargo test --workspace --locked","docs/testing/m0-01-m1-01.md","Partial initial-slice coverage; remaining scope is tracked here."
"PKG-001","Primary package","M0 onward","in-progress","packaging/PKGBUILD; packaging/installed-files.txt; packaging/io.github.ferricbrowser.FerricBrowser.desktop; packaging/io.github.ferricbrowser.FerricBrowser.svg; packaging/omarchy/PKGBUILD","cargo xtask package arch; (cd packaging && makepkg --printsrcinfo -p PKGBUILD); makepkg --printsrcinfo -p packaging/omarchy/PKGBUILD; desktop-file-validate packaging/io.github.ferricbrowser.FerricBrowser.desktop","docs/testing/m0-21-arch-packaging.md; docs/testing/m4-05-omarchy-launcher.md","System-Qt Arch recipe and optional community Omarchy recipe describe the binary, desktop entry, scalable icon, generated user docs, dependency/license inventory, support/security/provenance/release-policy docs, and package-owned integration resources; dependency-resolved isolated installed-layout and pkgrel upgrade smoke now pass, while clean Arch-image installation, checksum replacement, and live handler/launcher qualification remain."
"PKG-002","Dependency manifest","M0 onward","in-progress","packaging/dependencies.toml; packaging/PKGBUILD","cargo xtask check; (cd packaging && makepkg --printsrcinfo -p PKGBUILD)","docs/testing/m0-21-arch-packaging.md","Qt/QML/Wayland/CA trust requirements and portal, PipeWire, dictionary, and external-tool inputs are recorded with development-host Qt 6.11.2 qualification; release package probing remains."
"PKG-003","Optional components","M0 onward","in-progress","packaging/dependencies.toml; packaging/PKGBUILD; crates/ferric-browser-engine-qt/src/diagnostics.rs","cargo xtask package arch; cargo test -p ferric-browser-engine-qt diagnostics --locked --offline; cargo xtask check --locked --offline","docs/testing/m0-21-arch-packaging.md; docs/testing/m2-10-diagnostics.md","DRM, dictionaries, portals, PipeWire, compositor integration, and external tools are separate optional package/input declarations; diagnostics reports observed availability and qualification impact without treating missing optional components as a compile failure. Installed capability qualification remains."
"PKG-004","Bundling decision","M0 onward","in-progress","packaging/PKGBUILD; packaging/dependencies.toml; docs/architecture/ADR-0003-system-qt-distribution.md","cargo xtask package arch; cargo xtask check --locked --offline","docs/architecture/ADR-0003-system-qt-distribution.md; docs/testing/m0-21-arch-packaging.md","The current target is explicitly system-dynamic Qt, with the bundling alternative rejected for V1 pending a concrete distribution security/behavior gap; clean Arch install and runtime qualification remain."
"UPDATE-001","Engine version tracking","M0 onward","in-progress","packaging/engine-version-policy.toml; crates/ferric-browser-engine-qt/src/diagnostics.rs; crates/ferric-browser-engine-qt/src/url_display.cpp; crates/ferric-browser-engine-qt/qml/Main.qml","cargo test -p ferric-browser-engine-qt diagnostics --locked --offline; cargo xtask check --locked; ferric-browser diagnostics --format json; native Wayland startup smoke","docs/testing/m0-120-engine-update-policy.md; docs/testing/m0-167-release-freshness.md","Diagnostics compare the runtime Qt version against a versioned qualified set and report qualified/unqualified/blocked/unavailable states; they also expose QtWebEngine's authoritative Chromium base and security-patch API values with runtime provenance. GUI chrome surfaces blocked and unqualified states with actionable system-package-manager guidance; no automatic browser update or user-agent spoofing is used."
"UPDATE-002","Freshness","M0 onward","in-progress","docs/RELEASE_POLICY.md; packaging/engine-version-policy.toml","cargo audit --json; cargo audit --file fuzz/Cargo.lock --json; release-candidate engine/package advisory review; cargo xtask package artifacts","docs/RELEASE_POLICY.md; docs/testing/m0-120-engine-update-policy.md; docs/testing/m0-167-release-freshness.md","A versioned release policy requires every release candidate to review Qt/QtWebEngine, Chromium security, Rust dependency, and supported-package advisories against the exact target package, record mitigations or release blocks, and avoid inferring Chromium patch status from base versions. The current RustSec scans for both lockfiles pass with zero findings; engine, distribution-package, and maintainer-owned release review remain open."
"UPDATE-003","Operational targets","M0 onward","in-progress","docs/RELEASE_POLICY.md","release-record review","docs/RELEASE_POLICY.md","Proposed targets are recorded as one-working-day critical triage, immediate evaluation when a usable package exists, and a tested update within 72 hours; the policy explicitly states these are not an SLA until maintainers and release infrastructure exist."
"UPDATE-004","Package manager authority","M0 onward","in-progress","crates/ferric-browser/src/main.rs; crates/ferric-browser-engine-qt/src/diagnostics.rs; packaging/PKGBUILD","cargo test -p ferric-browser --locked --offline; cargo test -p ferric-browser-engine-qt diagnostics --locked --offline; cargo xtask package arch","docs/testing/m0-120-engine-update-policy.md; docs/testing/m2-10-diagnostics.md","The browser reports local runtime/package facts and actionable update guidance but never runs pacman/yay, changes repositories, downgrades Qt, or replaces itself; the normal package manager remains authoritative."
"UPDATE-005","Data compatibility","M0 onward","in-progress","crates/ferric-browser-storage/src/lib.rs; crates/ferric-browser-storage/src/sessions.rs; crates/ferric-browser-config/src/lib.rs","cargo test -p ferric-browser-storage --locked --offline; cargo test -p ferric-browser-config --locked --offline; cargo xtask check --locked --offline","docs/testing/m2-01-storage.md; docs/testing/m2-03-sessions.md","Storage schema checks, checksummed migration validation, versioned pre-migration backups, atomic session generations, and bounded config/runtime documents protect application rollback boundaries; Chromium profile downgrade compatibility and release migration rehearsal remain."
"PKG-005","Artifact set","M0 onward","in-progress","packaging/release-artifacts.toml; crates/xtask/src/main.rs; packaging/MIGRATIONS.md; packaging/KNOWN-ISSUES.md; packaging/CHANGELOG.md; packaging/LICENSES.md; packaging/installed-files.txt","cargo xtask package artifacts; cargo test -p xtask --locked --offline; cargo xtask check --locked --offline","docs/testing/m0-21-arch-packaging.md","A bounded checked-in manifest validates the lockfile, build/package/dependency inputs, compatibility/capability inputs, license inventory, migration notes, known issues, changelog, installed-file manifest, requirements traceability, and release documentation; source archives, generated checksums, and signatures remain publication-time outputs."
"SUPPORT-001","Issue reporting","M0 onward","in-progress","docs/SUPPORT.md; SECURITY.md; .github/ISSUE_TEMPLATE/bug_report.md","cargo xtask package artifacts; sanitized-template review","docs/SUPPORT.md","A privacy-safe bug template requests app/engine/compositor/GPU/portal facts, reproduction, expected/actual behavior, temporary-profile comparison, and sanitized diagnostics; SECURITY.md explicitly withholds public vulnerability reporting until a private route is configured."
"SUPPORT-002","Triage categories","M0 onward","in-progress","docs/SUPPORT.md","sanitized-template review","docs/SUPPORT.md","Support documents define separate core, Qt adapter, upstream engine, desktop/portal, graphics-driver, packaging, site-policy, and user-configuration categories, plus workaround scope/tradeoff and authorized-upstream-escalation rules."
"OSS-001","License decision","M0 onward","in-progress","docs/architecture/ADR-0010-license-and-release-identity.md; Cargo.toml","cargo xtask package artifacts; owner/legal release review","docs/architecture/ADR-0010-license-and-release-identity.md","ADR-0010 records the specification's GPL-3.0-or-later recommendation, provisional Cargo declaration, alternatives, and the required owner/legal gate; no final license or signing identity is claimed before publication."
"OSS-002","Dependency notices","M0 onward","in-progress","packaging/LICENSES.md; packaging/dependencies.toml; docs/PROVENANCE.md","cargo xtask package artifacts; release inventory review","packaging/LICENSES.md; docs/PROVENANCE.md","The release inventory records direct Rust/system/Qt/Chromium-facing dependency notice boundaries and requires exact locked-graph/distribution refresh; provenance guidance covers reused source, assets, fonts, dictionaries, blocklists, and scripts."
"OSS-003","Contribution process","M0 onward","in-progress","CONTRIBUTING.md; CODE_OF_CONDUCT.md; SECURITY.md","cargo xtask package artifacts; documentation review","CONTRIBUTING.md; CODE_OF_CONDUCT.md","Contribution guidance defines build/test requirements, registry/module ownership, FFI/UI-thread safety, Wayland reproduction, PR evidence, and no-account CI expectations; security contact publication remains a release prerequisite."
"OSS-004","Maintenance discipline","M0 onward","in-progress","docs/MAINTENANCE.md; docs/RELEASE_POLICY.md","cargo xtask package artifacts; documentation review","docs/MAINTENANCE.md","Maintenance guidance defines primary-branch/release-tag discipline, post-V1 semantic versioning, IPC major negotiation, deprecation guidance, owner/support-window disclosure, and avoidance of unowned framework/feature work."
"OSS-005","Provenance and branding","M0 onward","in-progress","docs/PROVENANCE.md; packaging/LICENSES.md","cargo xtask package artifacts; documentation review","docs/PROVENANCE.md","Provenance guidance separates documented inspiration from copied code/branding, requires notices/source references for reused assets and upstream obligations, and treats current names as uncleared working identifiers."
"DONE-001","Feature acceptance","M0 onward","in-progress","docs/DEVELOPMENT_SPEC.md; docs/requirements.csv; crates/xtask/src/main.rs","cargo xtask check --locked --offline","docs/testing/m0-01-m1-01.md; docs/testing/compatibility-qualification.md","The tracker, generated-doc checks, focused tests, and evidence records enforce the acceptance shape; remaining native and external gates prevent blanket completion."
"DONE-002","Milestone acceptance","M0 onward","in-progress","docs/DEVELOPMENT_SPEC.md; docs/requirements.csv; crates/xtask/src/main.rs","cargo xtask check --locked --offline; cargo xtask package arch","docs/testing/m0-21-arch-packaging.md; docs/testing/m0-98-native-wayland-startup.md","Runnable source/package checks and limitation records exist; installed-candidate and owner acceptance remain."
"DONE-003","Stable release acceptance","M0 onward","in-progress","docs/DEVELOPMENT_SPEC.md; docs/RELEASE_POLICY.md; packaging/PKGBUILD","cargo xtask check --locked --offline; cargo xtask package arch; cargo xtask test compatibility","docs/testing/compatibility-qualification.md; docs/testing/m0-167-release-freshness.md","The release gate is explicit and currently open for live Google, FIDO2, accessibility, GPU, soak, security-advisory, installed-package, and publication evidence."
"DONE-004","Requirement records","M0 onward","in-progress","docs/requirements.csv; crates/xtask/src/main.rs","cargo test -p xtask --locked --offline; cargo xtask check --locked --offline","docs/testing/m0-01-m1-01.md","The tracker contains one row per specification requirement, and xtask validates IDs, duplicates, CSV shape, accepted statuses, and required evidence fields. Requirement verification remains open until the corresponding implementation and platform evidence are complete."
"DONE-005","V1","M0 onward","in-progress","docs/DEVELOPMENT_SPEC.md; docs/requirements.csv","cargo xtask check --locked --offline","docs/testing/m0-52-ephemeral-marker-scan.md; docs/testing/m0-66-journey-export.md","V1 acceptance is recorded as a future gate; journey/ephemeral qualification and publication authorization remain pending."
"CTX-001","Model","M0 onward","in-progress","crates/ferric-browser-storage/src/contexts.rs; crates/ferric-browser-config/src/lib.rs; docs/architecture/ADR-0011-context-profile-window-actions.md","cargo test -p ferric-browser-storage context_records_reject_unknown_generated_fields --locked --offline; cargo test -p ferric-browser-storage context_profile_change_requires_explicit_migration_for_saved_members --locked --offline; cargo test -p ferric-browser-storage --locked --offline; cargo fmt --all -- --check","docs/testing/m0-45-context-save-descriptors.md; docs/architecture/ADR-0011-context-profile-window-actions.md","The generated context model now persists bounded durable UUID/slug/label/profile/session/workspace/accent/default-target/timestamp/membership data with strict schemas and validation, and refuses silent profile-affinity changes when saved membership exists; route integration, explicit profile migration workflow, live-window guard, and full context qualification remain."
"CTX-002","Membership","M0 onward","in-progress","crates/ferric-browser-core/src/model.rs; crates/ferric-browser-core/src/reducer.rs; crates/ferric-browser-engine-qt/qml/Main.qml","cargo test -p ferric-browser-core -p ferric-browser-engine-qt --locked; cargo fmt --all -- --check; cargo xtask check; native Wayland startup smoke","docs/testing/m0-46-context-popup-inheritance.md","Normal windows retain one context over their profile and tabs inherit the window's context; same-profile tab reparenting and profile-boundary refusal are reducer-enforced, popup windows capture the opener context for native identity while remaining ephemeral, and the tab strip provides an accessible picker for validated same-profile cross-window context moves. Full multi-window and compositor qualification remain."
"CTX-003","Enter and save","M0 onward","in-progress","crates/ferric-browser-engine-qt/src/lib.rs; crates/ferric-browser-storage/src/contexts.rs; crates/ferric-browser-engine-qt/qml/Main.qml","cargo test -p ferric-browser-engine-qt -p ferric-browser-storage --locked; cargo xtask check; native Wayland startup smoke","docs/testing/m0-45-context-save-descriptors.md","context-save records bounded safe tab restore descriptors, selected descriptor index, and skipped unsafe-tab counts atomically; context-enter focuses a same-runtime live member or lazily materializes fresh tabs from the most recent safe descriptors, immediately navigating only the selected tab; default-target entry can focus a registered context window or create a typed context/profile window with explicit restore mode. Full multi-tab/multi-window restore and compositor end-to-end qualification remain."
"CTX-004","Routes","M0 onward","in-progress","crates/ferric-browser-config/src/lib.rs; crates/ferric-browser-core/src/command.rs; crates/ferric-browser-engine-qt/src/lib.rs; crates/ferric-browser-engine-qt/qml/Main.qml; crates/ferric-browser/src/main.rs","cargo test -p ferric-browser-config -p ferric-browser-core -p ferric-browser-engine-qt -p ferric-browser --locked; cargo fmt --all -- --check; cargo xtask check; native Wayland startup smoke","docs/testing/m0-43-context-routes.md","Validated contexts.toml HTTP(S) route matching honors entry points, host wildcards, default/exact ports, path globs, priority/specificity/source ordering, and pre-navigation prompt acceptance/dismissal; context-route add/remove/list is typed, supports priority/behavior/entry-point options, returns same-pattern conflict metadata, atomically persists, live-propagates, remains source-specific for external-open versus typed-initial-url, and typed IPC open can carry validated context/profile metadata into a new normal-profile window. Full multi-window qualification remains."
"CTX-005","Authentication guard","M0 onward","in-progress","crates/ferric-browser-engine-qt/src/lib.rs","cargo test -p ferric-browser-engine-qt --locked; cargo fmt --all -- --check; cargo xtask check","docs/testing/m0-42-context-authentication-guard.md","IPC context-routed opens validate context/profile affinity before mutating window membership, so rejected cross-profile routes leave no durable context assignment. Post-navigation auth-chain movement remains prohibited; route matching and disposable OAuth qualification remain."
"CTX-006","Workspace and appearance","M0 onward","in-progress","crates/ferric-browser-engine-qt/src/lib.rs; crates/ferric-browser-engine-qt/qml/Main.qml","cargo test -p ferric-browser-engine-qt --locked; cargo xtask check; native Wayland startup smoke","docs/testing/m0-44-context-visibility-workspace.md","Context workspace and validated accent metadata are published per owning UI; workspace requests use the exact window token after context changes, while unsupported or denied compositor routing leaves the window usable. Interactive multi-window workspace qualification remains."
"CTX-007","Visibility and privacy","M0 onward","in-progress","crates/ferric-browser-engine-qt/src/lib.rs; crates/ferric-browser-engine-qt/qml/Main.qml; crates/ferric-browser-storage/src/contexts.rs","cargo test -p ferric-browser-engine-qt -p ferric-browser-storage --locked; cargo xtask check; native Wayland startup smoke","docs/testing/m0-44-context-visibility-workspace.md","Primary and secondary chrome expose profile and context distinctly, with bounded context labels/accent metadata and no page-content exposure; private windows do not receive durable context metadata. Screen-reader and full multi-window qualification remain."
"CTX-008","Robustness","M0 onward","in-progress","crates/ferric-browser-storage/src/contexts.rs","cargo test -p ferric-browser-storage context_membership_faults_keep_registry_recoverable --locked --offline; cargo test -p ferric-browser-storage --locked --offline; cargo clippy -p ferric-browser-storage --all-targets --locked --offline -- -D warnings","docs/testing/m0-45-context-save-descriptors.md","Generated context membership writes fault-test temporary sync, replacement rename, and directory sync boundaries, restore in-memory state on failure, and reopen as valid old-or-new JSON; process-kill, filesystem-full, and full multi-window qualification remain."
"SWITCH-001","Sources","M0 onward","in-progress","crates/ferric-browser-engine-qt/src/lib.rs; crates/ferric-browser-engine-qt/qml/Main.qml; crates/ferric-browser-storage/src/lib.rs; crates/ferric-browser-storage/src/sessions.rs","cargo test --workspace --locked; cargo test -p ferric-browser-engine-qt switcher_library_index_is_profile_scoped_and_query_ready --locked --offline; cargo test -p ferric-browser-engine-qt switcher_page_selection_preserves_order_and_total --locked --offline; live switcher query smoke","docs/testing/m2-06-ipc.md; docs/testing/m2-13-switcher.md","IPC switcher.query merges typed live tabs/windows/contexts/commands with profile-local history, bookmarks, quickmarks, sessions, downloads, and bounded recently closed descriptors; normal-profile checkpoints persist safe closed-tab descriptors and crash recovery reloads them through the storage worker, while bounded offset/limit pages, top-K selection, and one-window-per-event-loop batching prevent UI monopolization. Normal durable library rows now receive a revisioned off-thread query index with stale-revision rejection; broader durable closed-history lifecycle and scale qualification remain."
"SWITCH-002","Search and ranking","M0 onward","in-progress","crates/ferric-browser-core/src/switcher.rs; crates/ferric-browser-engine-qt/src/lib.rs; crates/ferric-browser-engine-qt/qml/Main.qml","cargo test -p ferric-browser-core --locked; cargo test -p ferric-browser-engine-qt --locked; cargo test -p ferric-browser-engine-qt switcher_library_index_is_profile_scoped_and_query_ready --locked --offline; cargo test -p ferric-browser-engine-qt switcher_page_selection_preserves_order_and_total --locked --offline; live switcher query smoke","docs/testing/m2-06-ipc.md; docs/testing/m2-13-switcher.md","Shared ferric-browser-core matching primitives provide bounded Unicode-aware term tokenization, deterministic exact/prefix/all-token ranking, and a bounded Unicode-aware subsequence fallback below contiguous matches with word-boundary preference; Qt consumes that implementation, exposes typed scope chips including actions, applies recency/kind/ID tie-breaks, coalesces rapid input into the latest refresh, uses the validated switcher.max_results cap with a bounded fallback, and reuses a revisioned result cache only when reducer/storage/session/context/config/profile inputs remain unchanged. Normal durable catalog indexing is revisioned and off-thread with immutable-snapshot fallback, and query paging uses deterministic bounded top-K selection; cancellation stress and live qualification remain."
"SWITCH-003","Actions","M0 onward","in-progress","crates/ferric-browser-engine-qt/src/lib.rs; crates/ferric-browser-engine-qt/qml/Main.qml","cargo test -p ferric-browser-engine-qt --locked; cargo xtask check","docs/testing/m2-06-ipc.md; docs/testing/m2-13-switcher.md; docs/testing/m0-170-switcher-action-activation.md","Rows expose allowlisted action IDs for focus/enter/open/load-preview/show/execute/help/reopen. Live rows focus through the reducer, stored URLs revalidate before navigation, contexts enforce profile affinity, sessions retain preview confirmation, downloads use safe desktop-file checks, commands route through the registry, and closed rows reopen safely; typed IPC and switcher activation now accept the same per-kind actions and recheck stale/private/capability availability at the final execution boundary. Exact compositor activation, cancellation stress, and live qualification remain."
"SWITCH-004","Exact focus","M0 onward","in-progress","crates/ferric-browser-engine-qt/src/lib.rs; crates/ferric-browser-engine-qt/qml/Main.qml","cargo xtask check; live switcher.query smoke; QT_QPA_PLATFORM=wayland timeout 10s target/debug/ferric-browser --temp-basedir","docs/testing/m2-13-switcher.md","Switch rows carry a per-window owner token; the native surface routes actions to the owning BrowserUi, focuses the captured tab/window through the reducer, raises and requests activation on the owning Qt ApplicationWindow, and focuses the secondary WebEngine view after accepted navigation. Hyprland workspace routing, compositor-denial reporting, and destroyed/generation-mismatch live qualification remain."
"SWITCH-005","Privacy","M0 onward","in-progress","crates/ferric-browser-engine-qt/src/lib.rs","cargo test -p ferric-browser-engine-qt --locked","docs/testing/m2-06-ipc.md","Private rows are excluded by default; an explicitly opened switcher inside a transient profile may query only that same transient profile plus nonsensitive commands/actions, while external IPC private queries still require configuration and explicit request opt-in. Durable private indexing remains prohibited."
"SWITCH-006","Accessibility and scale","M0 onward","in-progress","crates/ferric-browser-engine-qt/qml/Main.qml; crates/ferric-browser-engine-qt/src/lib.rs","cargo test -p ferric-browser-engine-qt --locked; cargo test -p ferric-browser-engine-qt switcher_library_index_is_profile_scoped_and_query_ready --locked --offline; cargo test -p ferric-browser-engine-qt switcher_page_selection_preserves_order_and_total --locked --offline; cargo xtask check","docs/testing/m2-13-switcher.md; docs/testing/m0-19-accessibility-semantics.md; docs/testing/m0-105-storage-snapshot-consumers.md; docs/testing/m0-106-external-downloads-query.md","Switcher sizing responds to the available window/font metrics; the result list and rows expose accessible roles, selected state, descriptions, result count, and Home/End/Page Up/Page Down keyboard navigation, while durable results, command completion, and external download queries use bounded snapshot delivery without per-keystroke or per-request UI-thread SQLite reads. Normal durable rows are indexed from immutable snapshots off-thread with profile/revision rejection, and query paging uses bounded top-K selection; screen-reader event, cancellation stress, and large-scale performance qualification remain."
"SITE-001","Ledger snapshot","M0 onward","in-progress","crates/ferric-browser-engine-qt/src/lib.rs; crates/ferric-browser-engine-qt/qml/Main.qml; crates/ferric-browser-storage/src/permissions.rs","cargo test -p ferric-browser-storage -p ferric-browser-engine-qt --locked --offline; cargo build -p ferric-browser --locked --offline","docs/testing/m2-14-site-ledger.md","site.status and the site-status command capture the active tab/document/generation, normalized origin, profile/context, live blocker evidence, current-origin durable permission decisions, and explicit unknown/unavailable facts without private URL leakage; full DIAG-004 sources remain."
"SITE-002","Blocker evidence","M0 onward","in-progress","crates/ferric-browser-engine-qt/src/request_interceptor.h; crates/ferric-browser-engine-qt/src/request_interceptor.cpp; crates/ferric-browser-engine-qt/src/lib.rs; crates/ferric-browser-engine-qt/qml/Main.qml","cargo build -p ferric-browser --locked --offline; cargo test --workspace --locked --offline; native Wayland startup smoke","docs/testing/m2-14-site-ledger.md; docs/testing/m2-09-network.md","The Qt interceptor records bounded sanitized blocked and allowed-by-exception decisions with resource host, first-party host, resource type, matched rule, bounded source list ID, and fixed reason; Rust IPC and the Site Ledger expose the active site's last 100 decisions, clearing evidence at document load. Exact tab attribution is unavailable because the shared Qt profile callback has no tab ID."
"SITE-003","Experiments","M0 onward","in-progress","crates/ferric-browser-core/src/command.rs; crates/ferric-browser-engine-qt/src/lib.rs; crates/ferric-browser-engine-qt/qml/Main.qml","cargo test -p ferric-browser-engine-qt -p ferric-browser-core --locked --offline; cargo clippy --workspace --all-targets --locked --offline -- -D warnings; native Wayland startup smoke","docs/testing/m2-14-site-ledger.md","The registered typed site-doctor blocking-bypass, userscripts-off, compiled-defaults, and fresh-view experiments apply one bounded current-site operation, report IDs/state, and restore temporary behavior; previews with full observation guidance and full action metadata remain."
"SITE-004","Reversal","M0 onward","in-progress","crates/ferric-browser-engine-qt/src/lib.rs; crates/ferric-browser-engine-qt/qml/Main.qml","cargo test -p ferric-browser-engine-qt --locked --offline; cargo clippy --workspace --all-targets --locked --offline -- -D warnings; native Wayland startup smoke","docs/testing/m2-14-site-ledger.md","Experiment completion/failure, explicit site-doctor-undo, tab close, and profile reconfiguration restore temporary blocker/userscript behavior, close the fresh-view tab, and clear memory-only state; user-change ownership, navigation invalidation, and process-fault qualification remain."
"SITE-005","Durable fixes","M0 onward","in-progress","crates/ferric-browser-config/src/lib.rs; crates/ferric-browser-engine-qt/src/network_policy.rs; crates/ferric-browser-engine-qt/src/lib.rs; crates/ferric-browser-engine-qt/qml/Main.qml","cargo test -p ferric-browser-config -p ferric-browser-engine-qt --locked; cargo clippy -p ferric-browser-engine-qt --all-targets --locked -- -D warnings; cargo xtask check","docs/testing/m2-14-site-ledger.md; docs/testing/m2-09-network.md","A successful blocker-bypass experiment produces an exact, provenance-bearing durable `blocking.bypass_sites` proposal. Applying it requires explicit confirmation, stale-setting checks, the existing typed `set` command, atomic runtime-override storage, and a blocker-policy reload; userscript/fresh-view outcomes remain report-only because no safe durable setting exists."
"SITE-006","Site report","M0 onward","in-progress","crates/ferric-browser-engine-qt/src/lib.rs; crates/ferric-browser-engine-qt/qml/Main.qml","cargo test -p ferric-browser-engine-qt --locked; cargo build -p ferric-browser --locked; cargo xtask check; native Wayland startup smoke","docs/testing/m2-14-site-ledger.md","The Site Ledger can copy a Rust-generated sanitized report with a fresh correlation ID, app/engine/platform facts, capability statuses, bounded blocker list IDs and experiment state; current-site host disclosure is an explicit checkbox and raw URLs, cookies, tokens, form text, DOM, account identifiers, and private-session data are excluded. Durable-fix proposals and full manual report qualification remain."
"ACTION-001","Definition","M0 onward","in-progress","crates/ferric-browser-core/src/action.rs; crates/ferric-browser-engine-qt/src/lib.rs; crates/ferric-browser-engine-qt/qml/Main.qml","cargo test --workspace --locked --offline; cargo clippy --workspace --all-targets --locked --offline -- -D warnings","docs/testing/m2-06-ipc.md; docs/testing/m0-78-action-command-subject.md; docs/testing/m0-79-action-capability-availability.md; docs/testing/m0-82-action-download-controls.md; docs/testing/m0-83-action-tab-pin.md; docs/testing/m0-84-action-tab-mute.md; docs/testing/m0-85-action-tab-undo.md; docs/testing/m0-70-action-examples.md","Stable namespaced action definitions declare subject, verb, description, typed arguments, sources, effect, confirmation, executor command, required capabilities, and bounded availability metadata; the project gate validates identity, duplicate fields, required metadata, examples, invocation sources, executor resolution, and executor sensitivity agreement through the canonical command registry before discovery or generated docs. Namespaced typed IPC actions also reject undeclared or missing arguments before broader command translation, while discovery and typed/UI execution revalidate current capability state; broader predicate coverage, localization, and provenance remain."
"ACTION-002","Subjects","M0 onward","in-progress","crates/ferric-browser-core/src/action.rs; crates/ferric-browser-engine-qt/src/lib.rs; crates/ferric-browser-engine-qt/qml/Main.qml","cargo test --workspace --locked --offline","docs/testing/m2-06-ipc.md; docs/testing/m0-72-action-tab-management.md; docs/testing/m0-73-action-selection-search.md; docs/testing/m0-76-action-window-focus.md; docs/testing/m0-77-action-stored-entries.md; docs/testing/m0-78-action-command-subject.md; docs/testing/m0-80-action-session-subject.md; docs/testing/m0-81-action-command-arguments.md; docs/testing/m0-82-action-download-controls.md; docs/testing/m0-83-action-tab-pin.md; docs/testing/m0-84-action-tab-mute.md; docs/testing/m0-85-action-tab-undo.md","Initial URL, link, tab, selection, download, window, history-entry, bookmark, quickmark, session, and command subjects are typed; generic action commands resolve subject/verb without reparsing shell or command text, hint link activation carries the link action ID, selection copy/search/send capture is target-validated, configured search uses HTTPS templates, and stored/session/command actions use bounded stable IDs, names, typed flags, and a bounded typed argument object for command execution. Download pause/resume, tab pin/mute state, and tab undo controls now share the registry and UI action paths. Userscript tab/window/context actions capture stable bounded targets with generation and profile-affinity revalidation; remaining live/manual subject qualification is tracked separately."
"ACTION-003","Built-in actions","M0 onward","in-progress","crates/ferric-browser-core/src/action.rs; crates/ferric-browser-engine-qt/src/lib.rs; crates/ferric-browser-engine-qt/qml/Main.qml","cargo test --workspace --locked --offline; live IPC/Wayland selection smoke","docs/testing/m2-06-ipc.md; docs/testing/m0-72-action-tab-management.md; docs/testing/m0-73-action-selection-search.md; docs/testing/m0-74-action-ui-activation.md; docs/testing/m0-75-action-context-activation.md; docs/testing/m0-76-action-window-focus.md; docs/testing/m0-77-action-stored-entries.md; docs/testing/m0-78-action-command-subject.md; docs/testing/m0-80-action-session-subject.md; docs/testing/m0-81-action-command-arguments.md; docs/testing/m0-82-action-download-controls.md; docs/testing/m0-83-action-tab-pin.md; docs/testing/m0-84-action-tab-mute.md; docs/testing/m0-85-action-tab-undo.md; docs/testing/m0-88-tab-reopen-window.md; docs/testing/m0-90-search-next.md; docs/testing/m0-92-tab-select.md; docs/testing/m0-93-window-close.md; docs/testing/m0-96-tab-suspension.md; docs/testing/m0-97-tab-discard.md","URL open/clean/explain/copy/clean-copy, link open/copy/clean-copy/download, selection copy/search/send, context enter/save, tab focus/select/close/move/mute/pin/undo/search-next, live tab detach, explicit state-loss tab reopen with pending confirmation, freeze/discard/resume lifecycle actions, window focus/close, history-entry open/clear, bookmark add/open/delete/edit/list, quickmark add/open/delete/edit/list, session save/load/delete/list, download open/show/cancel/pause/resume/retry, and command help/execute actions are discoverable through action-list and executable through command, typed IPC, and browser-owned UI paths; live reparenting still needs forms/media/graphics qualification, and live selection/switcher/Wayland qualification remains. Command execute also accepts a bounded typed argument object through typed IPC."
"ACTION-004","Intent routing","M0 onward","in-progress","crates/ferric-browser-engine-qt/src/lib.rs; crates/ferric-browser-engine-qt/qml/Main.qml","cargo test --workspace --locked --offline; live IPC smoke","docs/testing/m2-06-ipc.md; docs/testing/m0-74-action-ui-activation.md; docs/testing/m0-75-action-context-activation.md; docs/testing/m0-76-action-window-focus.md; docs/testing/m0-77-action-stored-entries.md; docs/testing/m0-78-action-command-subject.md; docs/testing/m0-79-action-capability-availability.md; docs/testing/m0-80-action-session-subject.md; docs/testing/m0-81-action-command-arguments.md; docs/testing/m0-82-action-download-controls.md; docs/testing/m0-83-action-tab-pin.md; docs/testing/m0-84-action-tab-mute.md; docs/testing/m0-85-action-tab-undo.md; docs/testing/m0-88-tab-reopen-window.md","Namespaced IDs and subject/verb commands resolve to one existing typed command path; action IDs are returned in structured results and link/selection/context/window/stored-entry/session/command/download/tab-pin/tab-mute/tab-undo/tab-reopen-window activation uses the same path, with capability availability and declared invocation-source policy rechecked before typed IPC and browser-owned UI execution. Live tab detach and same-profile tab-give now carry asynchronous terminal operation outcomes through the QML reparent boundary; typed command objects reuse per-command validation without shell reparsing; complete cross-surface confirmation parity remains."
"ACTION-005","Userscript actions","M0 onward","in-progress","crates/ferric-browser-engine-qt/src/userscript.rs; crates/ferric-browser-engine-qt/src/lib.rs; crates/ferric-browser-engine-qt/qml/Main.qml","cargo test -p ferric-browser-engine-qt --locked --offline; live Wayland userscript fixture smoke","docs/testing/m2-07-scripts.md","Manifest-backed namespaced actions are indexed in stable order, exposed through action discovery, link/selection context menus, and right-click hint actions, and executed through target-checked userscript paths. Manifest validation now requires each subject action’s executor context field, with hint-only link actions explicitly bounded to hint activation and advertised with source=hint only; typed action requests reject hint-only actions, enforce the subject-specific value field, and capture optional live tab/window/context subject IDs with generation/profile-affinity revalidation. Live Wayland qualification and broader subject parity remain."
"ACTION-006","Audit and errors","M0 onward","in-progress","crates/ferric-browser-engine-qt/src/lib.rs; crates/ferric-browser-engine-qt/src/diagnostics.rs; crates/ferric-browser-ipc/src/lib.rs","cargo test -p ferric-browser-engine-qt --locked --offline; cargo xtask check; cargo build -p ferric-browser --locked","docs/testing/m0-69-action-audit-errors.md","Typed action.execute successes and failures carry action/operation IDs plus a bounded command_context envelope identifying source/count/target/profile/privacy/context without sensitive subjects; failure details classify invalid subject or parameters, stale target, denied source/privacy, missing capability, confirmation, cancellation, script, and executor outcomes. Native/QML and userscript action activation now enters the same bounded audit ledger with correlated or bounded local operation IDs, and source-policy checks share the resolver. Diagnostics derives a category-only recent-error summary without identifiers, and the ledger emits bounded structured action.audit events through the existing IPC event stream; live production log-sink qualification remains."
"ACTION-007","Examples","M0 onward","in-progress","crates/ferric-browser-core/src/action.rs; crates/ferric-browser-engine-qt/src/lib.rs; crates/ferric-browser-engine-qt/qml/Main.qml","cargo test -p ferric-browser-core -p ferric-browser-engine-qt every_builtin_action_example_maps_through_typed_parser --locked --offline; cargo xtask check; cargo build -p ferric-browser --locked","docs/testing/m0-70-action-examples.md; docs/testing/m0-73-action-selection-search.md; docs/testing/m0-90-search-next.md; docs/testing/m0-92-tab-select.md","Built-in action examples are stored in the shared registry and exposed through typed actions.query, native action-list, and the library presentation. Static examples include retained search traversal and index/stable-ID tab selection and are not executed or reparsed; every registered example now maps through its declared typed executor, while live Wayland/action-surface qualification remains."
"ACTION-008","External targets","M0 onward","in-progress","crates/ferric-browser-config/src/lib.rs; crates/ferric-browser-core/src/action.rs; crates/ferric-browser-core/src/command.rs; crates/ferric-browser-engine-qt/src/lib.rs","cargo test -p ferric-browser-config -p ferric-browser-core -p ferric-browser-engine-qt --locked --offline; cargo fmt --all -- --check","docs/testing/m0-71-action-target-config.md; docs/testing/m0-170-switcher-action-activation.md","Typed action_targets configuration is bounded and strict, configured URL, link, selection, and tab targets are exposed through native and typed action discovery with subject/private availability metadata, and browser.url.send/browser.link.send/browser.selection.send/browser.tab.send execute policy-checked values via fixed direct argv with explicit private-mode, selection-boundary, and detached-lifetime handling; link hints can select bounded external:NAME targets through the same executor, URL/tab targets are available as revalidated universal-switcher action rows, and every discovered external action ID is accepted by typed action.execute with the same policy checks; argument-free registry actions are discoverable and executable from the universal switcher with source=switcher provenance; live tool fixture, subject-bearing switcher activation, confirmation parity, and fuller V1 subject coverage remain."
"JOURNEY-001","Graph","M0 onward","in-progress","crates/ferric-browser-core/src/journey.rs; crates/ferric-browser-core/src/reducer.rs; crates/ferric-browser-storage/src/lib.rs; crates/ferric-browser-storage/src/worker.rs; crates/ferric-browser-engine-qt/src/lib.rs; crates/ferric-browser-engine-qt/qml/Main.qml; docs/architecture/ADR-0012-journey-and-ephemeral-state.md","cargo test -p ferric-browser-core -p ferric-browser-storage -p ferric-browser-engine-qt --locked --offline; cargo xtask check; cargo build -p ferric-browser --locked","docs/testing/m0-53-journey-storage.md; docs/testing/m0-58-journey-traversal.md; docs/testing/m0-60-journey-parent-edges.md; docs/testing/m0-63-journey-redirects.md; docs/testing/m0-64-journey-multitab-restore.md; docs/testing/m0-65-journey-popup-targets.md; docs/testing/m0-67-journey-background-opener.md; docs/testing/m0-68-journey-redirect-chains.md; docs/testing/m0-115-journey-worker.md; docs/architecture/ADR-0012-journey-and-ephemeral-state.md","Core records profile-local typed nodes and edges with per-tab current tracking; approved popup commits bind to an exact reducer-created target through a bounded browser-owned token, retain the opener parent, and carry typed popup transitions; background link opens also retain the exact source node, while hint/session-restore commits carry typed transitions per target and conservative engine URL observations preserve bounded multi-hop redirect metadata. Durable node creation and traversal-current updates use acknowledged worker-owned writes while preserving retention and exact core-to-durable mapping. Back/forward commits move the current node without creating a node, and a new commit after back is classified as branch-after-back. General opener metadata beyond approved popup/background link flows remains."
"JOURNEY-002","Data boundary","M0 onward","in-progress","crates/ferric-browser-core/src/journey.rs; crates/ferric-browser-storage/src/lib.rs","cargo test -p ferric-browser-core -p ferric-browser-storage --locked","docs/testing/m0-53-journey-storage.md","Journey records retain only bounded safe URL/title/timestamp/profile/tab/source fields; storage reuses the conservative history URL policy and rejects secret-bearing URLs."
"JOURNEY-003","Retention and clearing","M0 onward","in-progress","crates/ferric-browser-core/src/journey.rs; crates/ferric-browser-storage/src/lib.rs; crates/ferric-browser-engine-qt/src/lib.rs","cargo test -p ferric-browser-storage -p ferric-browser-engine-qt --locked","docs/testing/m0-53-journey-storage.md; docs/testing/m0-54-journey-clear.md; docs/testing/m0-56-journey-retention.md","Core and durable storage bounds are 50,000 nodes and 100,000 edges, history clear removes matching journey nodes and incident edges in the same transaction, and normal commits apply the validated profile history.retention_days setting. Zero days skips durable journey recording; transition classification, graph UI, and safe-reopen qualification remain."
"JOURNEY-004","View","M0 onward","in-progress","crates/ferric-browser-core/src/command.rs; crates/ferric-browser-storage/src/lib.rs; crates/ferric-browser-engine-qt/src/lib.rs; crates/ferric-browser-engine-qt/qml/Main.qml","cargo test -p ferric-browser-storage -p ferric-browser-engine-qt -p ferric-browser --locked --offline; cargo xtask check; cargo build -p ferric-browser --locked","docs/testing/m0-53-journey-storage.md; docs/testing/m0-59-journey-relationships.md; docs/testing/m0-61-journey-search-expansion.md; docs/testing/m0-62-journey-graph-layout.md","Native library manager exposes a bounded accessible chronological journey outline and relationship view with safe node labels, typed edge labels, current filtering, literal search, one-hop exact-node expansion, and a deterministic native graph layout. Durable search/neighborhood/edge queries are bounded and private/ephemeral views use the memory graph; visual and assistive-technology qualification, richer graph interaction, and deeper expansion remain."
"JOURNEY-005","Recovery","M0 onward","in-progress","crates/ferric-browser-core/src/reducer.rs; crates/ferric-browser-storage/src/lib.rs; crates/ferric-browser-engine-qt/src/lib.rs; crates/ferric-browser/src/main.rs","cargo test -p ferric-browser-core -p ferric-browser-storage -p ferric-browser-engine-qt -p ferric-browser --locked","docs/testing/m0-55-journey-reopen.md","`journey-reopen NODE_UUID [--target current|tab|window]` resolves only an existing stored node, validates its stored safe URL, performs a new GET, and records a reopen transition. Native row actions expose the same validated current, tab, and window target choices; live qualification and richer recovery evidence remain."
"JOURNEY-006","Privacy","M0 onward","in-progress","crates/ferric-browser-core/src/journey.rs; crates/ferric-browser-engine-qt/src/lib.rs; crates/ferric-browser-engine-qt/qml/Main.qml","cargo test -p ferric-browser-core -p ferric-browser-engine-qt --locked","docs/testing/m0-57-journey-private-memory.md; docs/testing/m0-66-journey-export.md","Private and ephemeral profiles retain bounded journey nodes only in the core memory graph; native journey listing is available with memory-only labeling, durable stores remain absent, ordinary IPC is refused, export requires a native preview/warning plus explicit local Save operation, and the final-owner release boundary clears transient journey/core state and durable-store handles. Real close/crash sequence qualification remains."
"EPROFILE-001","Meaning","M0 onward","in-progress","crates/ferric-browser-core/src/model.rs; crates/ferric-browser-engine-qt/src/lib.rs; crates/ferric-browser-engine-qt/qml/Main.qml; crates/ferric-browser/src/main.rs; docs/architecture/ADR-0012-journey-and-ephemeral-state.md","cargo test -p ferric-browser-core -p ferric-browser-engine-qt --locked; cargo build -p ferric-browser --locked; native Wayland startup smoke","docs/testing/m0-47-ephemeral-profile-identity.md; docs/testing/m0-51-ephemeral-profile-ownership.md; docs/testing/m0-95-ephemeral-owner-accounting.md; docs/architecture/ADR-0012-journey-and-ephemeral-state.md","PrivacyKind::Ephemeral is distinct from private browsing, receives a unique transient profile name/label, uses an off-the-record Qt profile, bypasses Rust profile/session persistence, and now has explicit shared-owner counting. Final-owner runtime and marker qualification remain."
"EPROFILE-002","Creation","M0 onward","in-progress","crates/ferric-browser/src/main.rs; crates/ferric-browser-core/src/command.rs; crates/ferric-browser-engine-qt/src/lib.rs; crates/ferric-browser-engine-qt/qml/Main.qml","cargo test -p ferric-browser -p ferric-browser-engine-qt --locked; cargo build -p ferric-browser --locked; native Wayland startup smoke","docs/testing/m0-47-ephemeral-profile-identity.md; docs/testing/m0-49-ephemeral-hint-target.md; docs/testing/m0-51-ephemeral-profile-ownership.md","Cold-start `open --ephemeral`, global `--ephemeral`, non-rapid `hint --target ephemeral`, and `profile-create NAME --ephemeral` create fresh isolated GUI owners with no recovery and no durable Rust stores; explicit matching live invocation tokens reuse one off-record profile."
"EPROFILE-003","Lifetime","M0 onward","in-progress","crates/ferric-browser-engine-qt/qml/Main.qml; crates/ferric-browser-engine-qt/src/lib.rs; crates/ferric-browser/src/main.rs; crates/ferric-browser-storage/src/roots.rs","cargo test -p ferric-browser-engine-qt --locked; cargo xtask check; native Wayland startup smoke","docs/testing/m0-50-ephemeral-window-lifetime.md; docs/testing/m0-51-ephemeral-profile-ownership.md; docs/testing/m0-94-transient-resource-release.md; docs/testing/m0-95-ephemeral-owner-accounting.md","Ephemeral and secondary windows use download/capture/prompt-aware close confirmation, request core shutdown before destruction, clean exact temporary roots after the owning GUI exits, explicitly release transient Rust state before QObject destruction, and count/release shared-profile owners by invocation token. Final-owner runtime qualification and download routing remain."
"EPROFILE-004","Actions and limits","M0 onward","in-progress","crates/ferric-browser-core/src/model.rs; crates/ferric-browser-engine-qt/src/lib.rs; crates/ferric-browser-engine-qt/qml/Main.qml","cargo test -p ferric-browser-core -p ferric-browser-engine-qt --locked; cargo xtask check --locked --offline; cargo xtask test adapter","docs/testing/m0-48-ephemeral-action-boundaries.md; docs/testing/m0-140-profile-open-command.md","Ephemeral state is treated as transient for userscript gating, switcher visibility/activation, site-doctor availability, and all durable session/context operations; safe in-profile navigation remains available. Explicit profile reopen and bookmark transfer expose a native preview, require a selected named profile, and route URL/title data to the destination owner without transferring private state. Final ephemeral-owner lifecycle qualification remains."
"EPROFILE-005","Recovery and verification","M0 onward","in-progress","crates/ferric-browser-storage/src/lifecycle.rs; crates/ferric-browser-storage/src/lib.rs; crates/ferric-browser/src/main.rs","cargo test -p ferric-browser-storage --locked; cargo xtask check; diagnostics marker-scan review","docs/testing/m0-52-ephemeral-marker-scan.md","Ephemeral startup bypasses crash recovery, and a bounded privacy-safe marker scan now covers browser-owned roots plus explicit outside-guarantee disclosures. Installed-candidate normal-close/crash scans remain release acceptance evidence."
"DIR-001","Compositor-native composition","M0 onward","in-progress","docs/architecture/ADR-0009-hyprland-window-identity.md; crates/ferric-browser-engine-qt/qml","cargo xtask check --locked --offline; cargo xtask test wayland","docs/testing/m0-98-native-wayland-startup.md; docs/testing/m4-03-hyprland.md","The browser does not implement a competing split-view window manager; exact compositor identity and native startup are implemented, with live focus/movement qualification remaining."
"DIR-002","Explain before automate","M0 onward","in-progress","crates/ferric-browser-core/src/action.rs; crates/ferric-browser-core/src/link_cleaning.rs; docs/DEVELOPMENT_SPEC.md","cargo test --workspace --locked --offline; cargo xtask check --locked --offline","docs/testing/m0-122-link-rule-audit.md; docs/testing/m2-17-site-doctor.md; docs/testing/m2-13-switcher.md","Preview/explanation boundaries exist for actions, clean links, Site Doctor, and switcher dispatch; broader native UX qualification remains."
"DIR-003","One registry per concept","M0 onward","in-progress","crates/ferric-browser-core/src/action.rs; crates/ferric-browser-core/src/command.rs; crates/ferric-browser-config/src/lib.rs; crates/xtask/src/main.rs","cargo xtask check --locked --offline; cargo xtask docs","docs/testing/m0-24-help-map.md; docs/testing/m0-117-compatibility-registry.md","Typed registries and generated documentation are checked in one gate; remaining scope is completion and release review, not a parallel registry."
